Lot No,DATE
B5113,2025.6.13 0:00
B5094 ,2025.5.21 0:00
B5290,2025.11.19 0:00
C5094,2025.5.15 0:00
C5150,2025.6.13 0:00
S5071,2025.4.11 0:00
S5074,2025.4.18 0:00
A10Y01,2025.6.5 0:00
B3370,2025.5.8 0:00
B3370,2025.5.9 0:00
B3370,2025.5.12 0:00
B3370,2025.5.13 0:00
B3370,2025.5.13 0:00
B3370,2025.6.2 0:00
B3370,2025.6.4 0:00
B4004,2025.5.27 0:00
B4004,2025.6.17 0:00
B4019,2025.5.27 0:00
B4110,2025.5.15 0:00
B4115,2025.5.27 0:00
B4217,2025.6.2 0:00
B4217,2025.8.6 0:00
B4217,2025.10.16 0:00
B4224,2025.5.15 0:00
B4224,2025.5.27 0:00
B4247,2025.5.2 0:00
B4256,2025.8.7 0:00
B4256,2025.10.28 0:00
B4256,2025.11.12 0:00
B4257,2025.8.7 0:00
B4257,2025.11.12 0:00
B4260,2025.5.8 0:00
B4260,2025.8.7 0:00
B4260,2025.11.12 0:00
B4261,2025.5.14 0:00
B4261,2025.8.7 0:00
B4261,2025.10.28 0:00
B4261,2025.11.12 0:00
B4262,2025.10.23 0:00
B5008,2025.5.2 0:00
B5008,2025.6.2 0:00
B5008,2025.8.6 0:00
B5019,2025.8.7 0:00
B5023,2025.4.8 0:00
B5023,2025.4.8 0:00
B5024,2025.3.28 0:00
B5024,2025.3.26 0:00
B5026,2025.4.7 0:00
B5026,2025.4.7 0:00
B5028,2025.3.11 0:00
B5029,2025.3.11 0:00
B5029,2025.3.26 0:00
B5030,2025.3.10 0:00
B5031,2025.3.10 0:00
B5031,2025.3.26 0:00
B5032,2025.3.12 0:00
B5033,2025.3.12 0:00
B5034,2025.3.14 0:00
B5034,2025.3.20 0:00
B5035,2025.3.14 0:00
B5035,2025.6.4 0:00
B5035,2025.7.1 0:00
B5035/,2025.8.11 0:00
B5035/,2025.8.12 0:00
B5036,2025.3.18 0:00
B5036,2025.3.20 0:00
B5037,2025.3.14 0:00
B5038,2025.3.17 0:00
B5038,2025.3.20 0:00
B5039,2025.3.17 0:00
B5039,2025.3.20 0:00
B5040,2025.3.25 0:00
B5041,2025.3.24 0:00
B5041,2025.3.18 0:00
B5042,2025.3.19 0:00
B5042,2025.3.20 0:00
B5043,2025.3.19 0:00
B5043,2025.3.25 0:00
B5043,2025.10.28 0:00
B5044,2025.3.20 0:00
B5044,2025.3.27 0:00
B5044,2025.5.14 0:00
B5044,2025.5.14 0:00
B5044,2025.6.5 0:00
B5044,2025.7.1 0:00
B5044,2025.8.5 0:00
B5044,2025.8.6 0:00
B5044,2025.8.28 0:00
B5045,2025.3.20 0:00
B5045,2025.3.28 0:00
B5045,2025.3.25 0:00
B5045,2025.3.26 0:00
B5045,2025.5.19 0:00
B5045,2025.8.6 0:00
B5045,2025.8.28 0:00
B5045,2025.10.1 0:00
B5046,2025.3.20 0:00
B5047,2025.3.21 0:00
B5047,2025.3.27 0:00
B5048,2025.3.21 0:00
B5048,2025.4.4 0:00
B5048,2025.4.4 0:00
B5048,2025.4.7 0:00
B5048,2025.4.7 0:00
B5049,2025.3.21 0:00
B5049,2025.3.28 0:00
B5050,2025.3.26 0:00
B5050,2025.4.7 0:00
B5050,2025.4.7 0:00
B5051,2025.3.26 0:00
B5051,2025.4.7 0:00
B5051,2025.4.7 0:00
B5052,2025.3.27 0:00
B5052,2025.3.31 0:00
B5052,2025.4.3 0:00
B5052,2025.4.7 0:00
B5052,2025.4.8 0:00
B5052,2025.7.4 0:00
B5052,2025.8.7 0:00
B5052,2025.9.4 0:00
B5053,2025.3.27 0:00
B5053,2025.3.28 0:00
B5054,2025.3.28 0:00
B5054,2025.3.27 0:00
B5055,2025.3.28 0:00
B5055,2025.4.7 0:00
B5055,2025.4.7 0:00
B5056,2025.4.1 0:00
B5056,2025.4.9 0:00
B5056,2025.4.9 0:00
B5057,2025.4.1 0:00
B5057,2025.4.9 0:00
B5057,2025.4.9 0:00
B5058,2025.3.31 0:00
B5058,2025.4.7 0:00
B5058,2025.4.8 0:00
B5058,2025.4.7 0:00
B5058,2025.4.8 0:00
B5059,2025.3.31 0:00
B5059,2025.4.17 0:00
B5060,2025.4.9 0:00
B5060,2025.4.2 0:00
B5060,2025.4.9 0:00
B5061,2025.4.2 0:00
B5061,2025.4.9 0:00
B5061,2025.4.9 0:00
B5062,2025.4.3 0:00
B5062,2025.4.3 0:00
B5062,2025.4.4 0:00
B5062,2025.4.10 0:00
B5062,2025.4.10 0:00
B5063,2025.4.3 0:00
B5063,2025.4.9 0:00
B5063,2025.4.9 0:00
B5063,2025.4.10 0:00
B5063,2025.4.10 0:00
B5064,2025.4.4 0:00
B5064,2025.4.17 0:00
B5064,2025.4.9 0:00
B5064,2025.4.11 0:00
B5064,2025.4.11 0:00
B5064,2025.4.17 0:00
B5065,2025.4.4 0:00
B5065,2025.4.7 0:00
B5065,2025.4.7 0:00
B5066,2025.4.14 0:00
B5066,2025.4.21 0:00
B5066,2025.4.21 0:00
B5067,2025.4.11 0:00
B5067,2025.4.22 0:00
B5067,2025.5.8 0:00
B5067,2025.5.9 0:00
B5068,2025.4.11 0:00
B5068,2025.5.14 0:00
B5069,2025.4.15 0:00
B5070,2025.4.16 0:00
B5070,2025.4.24 0:00
B5070,2025.4.29 0:00
B5070,2025.4.29 0:00
B5070,2025.7.4 0:00
B5070,2025.9.4 0:00
B5071,2025.4.21 0:00
B5071,2025.4.22 0:00
B5071,2025.4.22 0:00
B5072,2025.4.22 0:00
B5072,2025.4.29 0:00
B5072,2025.4.29 0:00
B5072,2025.9.4 0:00
B5072,2025.11.12 0:00
B5074,2025.4.22 0:00
B5074,2025.4.29 0:00
B5075,2025.4.23 0:00
B5075,2025.4.29 0:00
B5075,2025.4.30 0:00
B5076,2025.4.23 0:00
B5076,2025.4.28 0:00
B5076,2025.4.30 0:00
B5077,2025.4.23 0:00
B5077,2025.5.7 0:00
B5077,2025.5.7 0:00
B5078,2025.4.23 0:00
B5078,2025.5.7 0:00
B5078,2025.5.7 0:00
B5079,2025.4.24 0:00
B5079,2025.5.7 0:00
B5079,2025.5.7 0:00
B5080,2025.4.24 0:00
B5080,2025.5.8 0:00
B5080,2025.5.8 0:00
B5081,2025.4.25 0:00
B5081,2025.5.8 0:00
B5081,2025.5.8 0:00
B5082,2025.4.25 0:00
B5082,2025.5.8 0:00
B5082,2025.5.8 0:00
B5083,2025.4.30 0:00
B5083,2025.4.29 0:00
B5083,2025.4.30 0:00
B5083,2025.5.2 0:00
B5083,2025.5.2 0:00
B5084,2025.4.28 0:00
B5084,2025.5.2 0:00
B5084,2025.5.2 0:00
B5085,2025.5.2 0:00
B5086,2025.5.7 0:00
B5086,2025.5.9 0:00
B5086,2025.5.9 0:00
B5086,2025.5.9 0:00
B5086,2025.10.23 0:00
B5087,2025.5.8 0:00
B5087,2025.5.9 0:00
B5087,2025.5.9 0:00
B5087,2025.5.9 0:00
B5087,2025.5.19 0:00
B5087,2025.10.22 0:00
B5088,2025.5.12 0:00
B5088,2025.5.13 0:00
B5088,2025.5.13 0:00
B5089,2025.5.12 0:00
B5089,2025.5.13 0:00
B5089,2025.5.13 0:00
B5089,2025.10.22 0:00
B5090,2025.5.12 0:00
B5091,2025.5.13 0:00
B5091,2025.5.21 0:00
B5091,2025.5.21 0:00
B5092,2025.5.13 0:00
B5092,2025.5.21 0:00
B5092,2025.5.21 0:00
B5093,2025.5.14 0:00
B5093,2025.5.15 0:00
B5093,2025.5.15 0:00
B5094,2025.5.15 0:00
B5094,2025.5.16 0:00
B5094,2025.5.22 0:00
B5094,2025.5.23 0:00
B5094,2025.5.26 0:00
B5095,2025.5.15 0:00
B5095,2025.5.16 0:00
B5095,2025.5.19 0:00
B5096,2025.5.19 0:00
B5096,2025.5.21 0:00
B5096,2025.5.21 0:00
B5096,2025.5.22 0:00
B5097,2025.5.21 0:00
B5097,2025.5.22 0:00
B5097,2025.5.22 0:00
B5098,2025.5.27 0:00
B5098,2025.6.9 0:00
B5098,2025.6.9 0:00
B5099,2025.5.27 0:00
B5099,2025.6.9 0:00
B5099,2025.6.9 0:00
B5100,2025.5.26 0:00
B5100,2025.5.30 0:00
B5100,2025.5.30 0:00
B5101,2025.5.26 0:00
B5101,2025.5.30 0:00
B5101,2025.5.30 0:00
B5102,2025.6.2 0:00
B5102,2025.5.29 0:00
B5102,2025.6.2 0:00
B5103,2025.6.2 0:00
B5103,2025.6.9 0:00
B5103,2025.6.5 0:00
B5103,2025.6.5 0:00
B5103,2025.6.9 0:00
B5103,2025.6.10 0:00
B5104,2025.6.2 0:00
B5104,2025.6.10 0:00
B5105,2025.6.4 0:00
B5105,2025.6.11 0:00
B5105,2025.6.11 0:00
B5106,2025.6.4 0:00
B5106,2025.6.12 0:00
B5106,2025.6.12 0:00
B5107,2025.6.5 0:00
B5107,2025.6.9 0:00
B5107,2025.6.10 0:00
B5107,2025.6.10 0:00
B5107,2025.10.1 0:00
B5108,2025.6.4 0:00
B5108,2025.7.1 0:00
B5109,2025.6.9 0:00
B5109,2025.6.10 0:00
B5109,2025.6.11 0:00
B5109,2025.6.10 0:00
B5109,2025.6.11 0:00
B5110,2025.6.10 0:00
B5110,2025.6.9 0:00
B5110,2025.6.10 0:00
B5111,2025.6.11 0:00
B5111,2025.6.16 0:00
B5111,2025.6.16 0:00
B5112,2025.6.11 0:00
B5113,2025.6.12 0:00
B5113,2025.6.16 0:00
B5113,2025.6.25 0:00
B5114,2025.6.13 0:00
B5114,2025.6.20 0:00
B5114,2025.6.20 0:00
B5115,2025.6.13 0:00
B5115,2025.6.19 0:00
B5115,2025.6.20 0:00
B5115,2025.6.20 0:00
B5116,2025.6.16 0:00
B5116,2025.6.19 0:00
B5116,2025.6.25 0:00
B5116,2025.6.27 0:00
B5117,2025.6.18 0:00
B5117,2025.6.26 0:00
B5117,2025.6.26 0:00
B5117,2025.10.1 0:00
B5117,2025.11.17 0:00
B5117,2025.11.17 0:00
B5118,2025.6.18 0:00
B5118,2025.6.19 0:00
B5118,2025.6.19 0:00
B5119,2025.6.19 0:00
B5119,2025.6.23 0:00
B5119,2025.6.23 0:00
B5119,2025.9.12 0:00
B5119,2025.9.15 0:00
B5119,2025.9.15 0:00
B5119,2025.9.12 0:00
B5120,2025.6.19 0:00
B5120,2025.6.25 0:00
B5120,2025.6.25 0:00
B5121,2025.6.20 0:00
B5121,2025.6.24 0:00
B5121,2025.6.27 0:00
B5122,2025.6.20 0:00
B5122,2025.6.26 0:00
B5122,2025.6.26 0:00
B5123,2025.6.23 0:00
B5123,2025.6.26 0:00
B5123,2025.6.26 0:00
B5124,2025.6.23 0:00
B5124,2025.7.4 0:00
B5124,2025.7.4 0:00
B5125,2025.6.23 0:00
B5126,2025.6.25 0:00
B5126,2025.6.30 0:00
B5126,2025.6.30 0:00
B5127,2025.6.26 0:00
B5127,2025.6.27 0:00
B5127,2025.6.27 0:00
B5128,2025.6.30 0:00
B5128,2025.7.4 0:00
B5128,2025.7.4 0:00
B5128,2025.7.4 0:00
B5129,2025.6.30 0:00
B5129,2025.7.4 0:00
B5129,2025.7.4 0:00
B5130,2025.7.3 0:00
B5130,2025.7.4 0:00
B5131,2025.7.3 0:00
B5131,2025.7.7 0:00
B5131,2025.7.7 0:00
B5132,2025.7.4 0:00
B5132,2025.7.7 0:00
B5132,2025.7.7 0:00
B5132,2025.10.15 0:00
B5132,2025.12.11 0:00
B5133,2025.7.7 0:00
B5133,2025.7.9 0:00
B5133,2025.7.8 0:00
B5133,2025.7.8 0:00
B5134,2025.7.3 0:00
B5134,2025.7.8 0:00
B5134,2025.7.8 0:00
B5135,2025.7.7 0:00
B5135,2025.7.15 0:00
B5136,2025.7.8 0:00
B5136,2025.7.15 0:00
B5136,2025.7.9 0:00
B5136,2025.7.9 0:00
B5137,2025.7.8 0:00
B5138,2025.7.8 0:00
B5138,2025.7.9 0:00
B5138,2025.7.10 0:00
B5138,2025.7.10 0:00
B5138,2025.7.11 0:00
B5139,2025.7.8 0:00
B5139,2025.7.10 0:00
B5139,2025.7.11 0:00
B5139,2025.7.14 0:00
B5140,2025.7.9 0:00
B5140,2025.7.10 0:00
B5140,2025.7.11 0:00
B5140,2025.7.11 0:00
B5141,2025.7.18 0:00
B5141,2025.7.22 0:00
B5141,2025.7.22 0:00
B5142,2025.7.18 0:00
B5142,2025.7.22 0:00
B5142,2025.7.22 0:00
B5143,2025.7.15 0:00
B5143,2025.7.16 0:00
B5143,2025.7.16 0:00
B5144,2025.7.15 0:00
B5144,2025.7.16 0:00
B5144,2025.7.16 0:00
B5145,2025.7.16 0:00
B5145,2025.7.17 0:00
B5145,2025.7.17 0:00
B5146,2025.7.16 0:00
B5146,2025.7.28 0:00
B5146,2025.7.28 0:00
B5147,2025.7.17 0:00
B5147,2025.7.22 0:00
B5147,2025.7.22 0:00
B5147,2025.8.6 0:00
B5148,2025.7.17 0:00
B5148,2025.7.23 0:00
B5148,2025.9.16 0:00
B5149,2025.7.21 0:00
B5149,2025.7.22 0:00
B5149,2025.7.22 0:00
B5150,2025.7.21 0:00
B5150,2025.7.23 0:00
B5150,2025.7.23 0:00
B5150,2025.7.25 0:00
B5150,2025.7.29 0:00
B5151,2025.7.22 0:00
B5151,2025.7.23 0:00
B5151,2025.7.24 0:00
B5152,2025.7.24 0:00
B5152,2025.7.29 0:00
B5152,2025.7.29 0:00
B5152,2025.8.4 0:00
B5152,2025.8.4 0:00
B5153,2025.7.25 0:00
B5153,2025.8.4 0:00
B5153,2025.8.4 0:00
B5153,2025.8.4 0:00
B5153,2025.8.5 0:00
B5153,2025.8.5 0:00
B5154,2025.7.25 0:00
B5154,2025.8.4 0:00
B5154,2025.8.4 0:00
B5155,2025.7.29 0:00
B5155,2025.8.5 0:00
B5155,2025.8.5 0:00
B5156,2025.7.29 0:00
B5156,2025.8.5 0:00
B5156,2025.8.5 0:00
B5157,2025.7.29 0:00
B5157,2025.8.4 0:00
B5157,2025.8.5 0:00
B5157,2025.11.12 0:00
B5158,2025.8.5 0:00
B5158,2025.8.8 0:00
B5158,2025.8.8 0:00
B5159,2025.8.5 0:00
B5159,2025.8.8 0:00
B5159,2025.8.8 0:00
B5159,2025.8.11 0:00
B5159,2025.8.11 0:00
B5160,2025.8.4 0:00
B5160,2025.9.30 0:00
B5160,2025.11.6 0:00
B5160,2025.8.28 0:00
B5161,2025.8.7 0:00
B5161,2025.8.11 0:00
B5161,2025.8.11 0:00
B5162,2025.8.8 0:00
B5162,2025.8.12 0:00
B5162,2025.8.12 0:00
B5162,2025.9.30 0:00
B5162,2025.10.1 0:00
B5163,2025.8.11 0:00
B5163,2025.8.12 0:00
B5163,2025.8.13 0:00
B5163,2025.8.12 0:00
B5163,2025.8.13 0:00
B5164,2025.8.13 0:00
B5164,2025.8.14 0:00
B5164,2025.8.14 0:00
B5164,2025.12.5 0:00
B5165,2025.8.13 0:00
B5165,2025.8.14 0:00
B5165,2025.8.14 0:00
B5166,2025.8.19 0:00
B5166,2025.8.20 0:00
B5166,2025.8.20 0:00
B5167,2025.8.22 0:00
B5167,2025.8.25 0:00
B5167,2025.8.28 0:00
B5168,2025.8.20 0:00
B5168,2025.8.26 0:00
B5168,2025.8.26 0:00
B5169,2025.8.21 0:00
B5170,2025.8.21 0:00
B5171,2025.8.22 0:00
B5171,2025.8.27 0:00
B5171,2025.8.26 0:00
B5171/72,2025.8.26 0:00
B5172,2025.8.22 0:00
B5173,2025.8.25 0:00
B5173,2025.8.28 0:00
B5173,2025.8.28 0:00
B5174,2025.8.25 0:00
B5174,2025.8.28 0:00
B5174,2025.8.28 0:00
B5199,2025.8.25 0:00
B5199,2025.8.29 0:00
B5199,2025.8.29 0:00
B5199,2025.9.3 0:00
B5199,2025.9.3 0:00
B5199,2025.9.30 0:00
B5199,2025.9.30 0:00
B5199,2025.9.30 0:00
B5199,2025.10.27 0:00
B5200,2025.8.26 0:00
B5201,2025.8.26 0:00
B5201,2025.8.27 0:00
B5201,2025.8.27 0:00
B5201,2025.8.28 0:00
B5202,2025.8.27 0:00
B5202,2025.8.29 0:00
B5202,2025.8.29 0:00
B5203,2025.8.27 0:00
B5203,2025.8.29 0:00
B5203,2025.8.29 0:00
B5203,2025.9.3 0:00
B5203,2025.9.3 0:00
B5204,2025.8.28 0:00
B5204,2025.9.1 0:00
B5204,2025.9.1 0:00
B5204,2025.11.12 0:00
B5205,2025.9.1 0:00
B5205,2025.9.3 0:00
B5205,2025.9.3 0:00
B5207,2025.8.29 0:00
B5207,2025.9.1 0:00
B5207,2025.9.1 0:00
B5208,2025.9.2 0:00
B5208,2025.9.4 0:00
B5208,2025.9.4 0:00
B5208,2025.9.15 0:00
B5208,2025.9.15 0:00
B5209,2025.9.2 0:00
B5209,2025.9.4 0:00
B5209,2025.9.4 0:00
B5209,2025.9.5 0:00
B5209,2025.9.5 0:00
B5209,2025.9.17 0:00
B5209,2025.9.16 0:00
B5209,2025.9.16 0:00
B5209,2025.9.16 0:00
B5209,2025.9.17 0:00
B5210,2025.9.3 0:00
B5210,2025.9.5 0:00
B5210,2025.9.5 0:00
B5210,2025.9.16 0:00
B5211,2025.9.3 0:00
B5211,2025.9.8 0:00
B5211,2025.9.8 0:00
B5212,2025.9.3 0:00
B5212,2025.9.5 0:00
B5212,2025.9.5 0:00
B5212,2025.9.8 0:00
B5213,2025.9.2 0:00
B5214,2025.9.5 0:00
B5214,2025.9.8 0:00
B5214,2025.9.8 0:00
B5215,2025.9.8 0:00
B5215,2025.9.9 0:00
B5215,2025.9.9 0:00
B5216,2025.9.5 0:00
B5216,2025.9.8 0:00
B5216,2025.9.8 0:00
B5217,2025.9.9 0:00
B5217,2025.9.10 0:00
B5217,2025.9.10 0:00
B5218,2025.9.9 0:00
B5218,2025.9.10 0:00
B5218,2025.9.10 0:00
B5219,2025.9.11 0:00
B5220,2025.9.12 0:00
B5220,2025.9.19 0:00
B5220,2025.9.19 0:00
B5220,2025.11.5 0:00
B5220,2025.11.17 0:00
B5221,2025.9.16 0:00
B5221,2025.9.23 0:00
B5221,2025.9.23 0:00
B5222,2025.9.16 0:00
B5222,2025.9.23 0:00
B5222,2025.9.23 0:00
B5223,2025.9.17 0:00
B5223,2025.9.19 0:00
B5223,2025.9.19 0:00
B5223,2025.9.23 0:00
B5223,2025.9.23 0:00
B5223,2025.9.23 0:00
B5224,2025.9.17 0:00
B5224,2025.9.23 0:00
B5225,2025.9.18 0:00
B5225,2025.9.23 0:00
B5225,2025.9.24 0:00
B5226,2025.9.18 0:00
B5226,2025.9.24 0:00
B5226,2025.9.29 0:00
B5226,2025.9.29 0:00
B5227,2025.9.19 0:00
B5227,2025.9.29 0:00
B5228,2025.9.19 0:00
B5228,2025.9.30 0:00
B5229,2025.9.22 0:00
B5229,2025.9.26 0:00
B5229,2025.9.30 0:00
B5229,2025.9.30 0:00
B5230,2025.9.22 0:00
B5230,2025.9.30 0:00
B5230,2025.9.30 0:00
B5231,2025.9.22 0:00
B5231,2025.9.24 0:00
B5231,2025.9.25 0:00
B5231,2025.9.25 0:00
B5232,2025.9.22 0:00
B5232,2025.9.25 0:00
B5233,2025.9.23 0:00
B5233,2025.9.24 0:00
B5233,2025.9.24 0:00
B5234,2025.9.23 0:00
B5234,2025.9.25 0:00
B5234,2025.9.24 0:00
B5234,2025.9.24 0:00
B5234,2025.9.25 0:00
B5235,2025.9.24 0:00
B5235,2025.9.25 0:00
B5235,2025.9.25 0:00
B5236,2025.9.24 0:00
B5237,2025.9.25 0:00
B5238,2025.9.25 0:00
B5238,2025.9.26 0:00
B5238,2025.9.26 0:00
B5239,2025.9.25 0:00
B5239,2025.9.26 0:00
B5239,2025.9.26 0:00
B5239,2025.10.23 0:00
B5240,2025.9.26 0:00
B5240,2025.9.29 0:00
B5240,2025.9.29 0:00
B5241,2025.9.26 0:00
B5241,2025.9.29 0:00
B5241,2025.9.29 0:00
B5242,2025.9.29 0:00
B5242,2025.9.30 0:00
B5242,2025.9.30 0:00
B5243,2025.9.30 0:00
B5243,2025.10.10 0:00
B5243,2025.10.13 0:00
B5244,2025.9.30 0:00
B5244,2025.10.1 0:00
B5244,2025.10.1 0:00
B5245,2025.9.30 0:00
B5245,2025.10.1 0:00
B5245,2025.10.1 0:00
B5246,2025.9.30 0:00
B5246,2025.10.1 0:00
B5246,2025.10.1 0:00
B5247,2025.10.1 0:00
B5247,2025.10.2 0:00
B5247,2025.10.2 0:00
B5248,2025.10.1 0:00
B5248,2025.10.2 0:00
B5248,2025.10.2 0:00
B5249,2025.10.2 0:00
B5249,2025.10.13 0:00
B5249,2025.10.13 0:00
B5249,2025.12.1 0:00
B5249,2025.12.11 0:00
B5249,2025.12.11 0:00
B5249,2025.12.12 0:00
B5250,2025.10.13 0:00
B5250,2025.10.2 0:00
B5251,2025.10.2 0:00
B5252,2025.10.10 0:00
B5252,2025.10.10 0:00
B5252,2025.10.2 0:00
B5252,2025.10.10 0:00
B5252,2025.10.28 0:00
B5252,2025.10.29 0:00
B5253,2025.10.10 0:00
B5253,2025.10.13 0:00
B5253,2025.10.13 0:00
B5253,2025.10.14 0:00
B5253,2025.10.14 0:00
B5253,2025.11.6 0:00
B5254,2025.10.10 0:00
B5254,2025.10.13 0:00
B5254,2025.10.16 0:00
B5255,2025.10.13 0:00
B5255,2025.10.14 0:00
B5255,2025.10.14 0:00
B5255,2025.10.14 0:00
B5256,2025.10.13 0:00
B5256,2025.10.14 0:00
B5256,2025.10.14 0:00
B5257,2025.10.14 0:00
B5257,2025.10.27 0:00
B5257,2025.10.27 0:00
B5258,2025.10.15 0:00
B5258,2025.10.27 0:00
B5258,2025.10.27 0:00
B5259,2025.10.15 0:00
B5259,2025.10.27 0:00
B5259,2025.10.27 0:00
B5259,2025.10.24 0:00
B5259,2025.10.24 0:00
B5259,2025.11.12 0:00
B5259,2025.11.12 0:00
B5260,2025.10.16 0:00
B5260,2025.10.17 0:00
B5260,2025.10.17 0:00
B5260,2025.10.20 0:00
B5260,2025.10.20 0:00
B5261,2025.10.16 0:00
B5261,2025.10.17 0:00
B5261,2025.10.17 0:00
B5262,2025.10.20 0:00
B5262,2025.10.22 0:00
B5262,2025.10.22 0:00
B5263,2025.10.20 0:00
B5263,2025.10.22 0:00
B5263,2025.10.22 0:00
B5263,2025.10.22 0:00
B5263,2025.10.23 0:00
B5263,2025.10.23 0:00
B5263,2025.10.23 0:00
B5264,2025.10.21 0:00
B5264,2025.10.23 0:00
B5264,2025.10.23 0:00
B5265,2025.10.21 0:00
B5265,2025.10.23 0:00
B5265,2025.10.23 0:00
B5266,2025.10.22 0:00
B5266,2025.10.23 0:00
B5266,2025.10.24 0:00
B5266,2025.10.24 0:00
B5266,2025.10.29 0:00
B5267,2025.10.22 0:00
B5267,2025.10.27 0:00
B5268,2025.10.22 0:00
B5268,2025.10.24 0:00
B5268,2025.10.24 0:00
B5268,2025.10.27 0:00
B5269,2025.8.25 0:00
B5269,2025.10.22 0:00
B5269,2025.10.23 0:00
B5269,2025.10.24 0:00
B5269,2025.8.25 0:00
B5270,2025.8.25 0:00
B5270,2025.8.25 0:00
B5270,2025.8.26 0:00
B5270,2025.8.26 0:00
B5270,2025.10.23 0:00
B5270,2025.10.28 0:00
B5270,2025.10.28 0:00
B5270,2025.10.29 0:00
B5270,2025.10.29 0:00
B5271,2025.10.23 0:00
B5271,2025.10.27 0:00
B5271,2025.10.27 0:00
B5272,2025.10.23 0:00
B5272,2025.10.24 0:00
B5272,2025.10.24 0:00
B5273,2025.10.23 0:00
B5273,2025.10.27 0:00
B5273,2025.10.27 0:00
B5274,2025.10.24 0:00
B5274,2025.10.29 0:00
B5274,2025.10.29 0:00
B5274,2025.11.11 0:00
B5275,2025.10.28 0:00
B5275,2025.11.6 0:00
B5276,2025.10.27 0:00
B5277,2025.10.27 0:00
B5278,2025.10.30 0:00
B5278,2025.10.31 0:00
B5278,2025.10.31 0:00
B5278,2025.11.3 0:00
B5278,2025.11.3 0:00
B5278,2025.12.11 0:00
B5279,2025.10.30 0:00
B5279,2025.10.31 0:00
B5280,2025.11.3 0:00
B5280,2025.11.4 0:00
B5280,2025.11.5 0:00
B5280,2025.11.5 0:00
B5281,2025.11.3 0:00
B5281,2025.11.4 0:00
B5281,2025.11.4 0:00
B5282,2025.11.4 0:00
B5282,2025.11.6 0:00
B5283,2025.11.5 0:00
B5283,2025.11.11 0:00
B5283,2025.11.11 0:00
B5284,2025.11.5 0:00
B5284,2025.11.11 0:00
B5284,2025.11.11 0:00
B5285,2025.11.6 0:00
B5285,2025.11.11 0:00
B5285,2025.11.11 0:00
B5286,2025.11.6 0:00
B5286,2025.11.12 0:00
B5286,2025.11.11 0:00
B5286,2025.11.11 0:00
B5286,2025.11.12 0:00
B5287,2025.11.10 0:00
B5287,2025.11.11 0:00
B5287,2025.11.11 0:00
B5288,2025.11.10 0:00
B5288,2025.11.18 0:00
B5288,2025.11.18 0:00
B5289,2025.11.11 0:00
B5289,2025.11.19 0:00
B5289,2025.11.19 0:00
B5290,2025.11.11 0:00
B5290,2025.11.19 0:00
B5291,2025.11.12 0:00
B5291,2025.11.13 0:00
B5291,2025.11.13 0:00
B5292,2025.11.13 0:00
B5292,2025.11.17 0:00
B5292,2025.11.17 0:00
B5293,2025.11.13 0:00
B5293,2025.11.17 0:00
B5293,2025.11.17 0:00
B5294,2025.11.14 0:00
B5294,2025.11.17 0:00
B5294,2025.11.17 0:00
B5295,2025.11.14 0:00
B5295,2025.11.18 0:00
B5295,2025.11.18 0:00
B5296,2025.11.17 0:00
B5296,2025.11.19 0:00
B5296,2025.11.19 0:00
B5297,2025.11.19 0:00
B5297,2025.11.21 0:00
B5297,2025.11.21 0:00
B5298,2025.11.19 0:00
B5298,2025.11.21 0:00
B5298,2025.11.21 0:00
B5299,2025.11.20 0:00
B5299,2025.11.21 0:00
B5299,2025.11.21 0:00
B5300,2025.11.24 0:00
B5300,2025.11.25 0:00
B5300,2025.11.25 0:00
B5301,2025.11.24 0:00
B5301,2025.11.26 0:00
B5301,2025.11.26 0:00
B5302,2025.11.27 0:00
B5302,2025.12.2 0:00
B5302,2025.12.2 0:00
B5303,2025.11.26 0:00
B5303,2025.11.27 0:00
B5303,2025.11.27 0:00
B5303,2025.11.27 0:00
B5304,2025.11.26 0:00
B5304,2025.11.27 0:00
B5305,2025.11.27 0:00
B5305,2025.11.28 0:00
B5305,2025.11.28 0:00
B5306,2025.11.28 0:00
B5306,2025.12.16 0:00
B5306,2025.12.16 0:00
B5307,2025.12.1 0:00
B5307,2025.12.4 0:00
B5307,2025.12.4 0:00
B5307,2025.12.4 0:00
B5308,2025.12.1 0:00
B5308,2025.12.8 0:00
B5309,2025.12.2 0:00
B5309,2025.12.4 0:00
B5309,2025.12.4 0:00
B5309,2025.12.4 0:00
B5310,2025.12.2 0:00
B5310,2025.12.5 0:00
B5310,2025.12.11 0:00
B5310,2025.12.5 0:00
B5310,2025.12.5 0:00
B5311,2025.12.2 0:00
B5311,2025.12.10 0:00
B5312,2025.12.2 0:00
B5312,2025.12.10 0:00
B5312,2025.12.10 0:00
B5313,2025.12.2 0:00
B5313,2025.12.11 0:00
B5313,2025.12.11 0:00
B5314,2025.12.3 0:00
B5314,2025.12.11 0:00
B5314,2025.12.11 0:00
B5315,2025.12.3 0:00
B5315,2025.12.8 0:00
B5316,2025.12.4 0:00
B5316,2025.12.9 0:00
B5316,2025.12.9 0:00
B5317,2025.12.15 0:00
B5317,2025.12.16 0:00
B5317,2025.12.16 0:00
B5318,2025.12.15 0:00
B5318,2025.12.16 0:00
B5318,2025.12.16 0:00
B5318,2025.12.17 0:00
B5318,2025.12.17 0:00
B5319,2025.12.24 0:00
B5320,2025.12.18 0:00
B5321,2025.12.19 0:00
B5322,2025.12.24 0:00
B6130,2025.7.4 0:00
C2535,2025.11.14 0:00
C3081,2025.6.11 0:00
C3081,2025.6.12 0:00
C4070,2025.4.4 0:00
C4071,2025.4.4 0:00
C4071,2025.7.1 0:00
C4104,2025.7.2 0:00
C4118,2025.5.14 0:00
C4118,2025.10.13 0:00
C4118,2025.11.13 0:00
C4177,2025.5.19 0:00
C4177,2025.6.5 0:00
C4196,2025.7.4 0:00
C4202,2025.5.14 0:00
C4223,2025.10.23 0:00
C4224,2025.7.7 0:00
C4225,2025.5.14 0:00
C4237,2025.3.25 0:00
C5004,2025.6.2 0:00
C5016,2025.4.18 0:00
C5016,2025.8.7 0:00
C5019,2025.5.12 0:00
C5020,2025.7.2 0:00
C5020,2025.7.3 0:00
C5021,2025.5.19 0:00
C5021,2025.6.2 0:00
C5021,2025.7.8 0:00
C5021,2025.10.2 0:00
C5021,2025.10.2 0:00
C5022,2025.6.4 0:00
C5022,2025.6.4 0:00
C5024,2025.10.22 0:00
C5024,2025.10.22 0:00
C5024,2025.11.13 0:00
C5026,2025.5.13 0:00
C5026,2025.5.14 0:00
C5027,2025.4.7 0:00
C5027,2025.7.8 0:00
C5041,2025.5.26 0:00
C5041,2025.5.27 0:00
C5049,2025.7.1 0:00
C5049,2025.9.4 0:00
C5050,2025.4.8 0:00
C5050,2025.4.23 0:00
C5050,2025.4.23 0:00
C5051,2025.4.23 0:00
C5051,2025.4.23 0:00
C5054,2025.5.15 0:00
C5054,2025.7.2 0:00
C5060,2025.4.3 0:00
C5068,2025.4.3 0:00
C5073,2025.4.9 0:00
C5073,2025.5.13 0:00
C5074,2025.3.11 0:00
C5074,2025.5.20 0:00
C5074,2025.7.8 0:00
C5074,2025.10.16 0:00
C5075,2025.3.12 0:00
C5076,2025.3.12 0:00
C5077,2025.3.14 0:00
C5078,2025.3.17 0:00
C5078,2025.4.29 0:00
C5078,2025.4.29 0:00
C5078,2025.4.30 0:00
C5078,2025.4.30 0:00
C5078,2025.5.2 0:00
C5078,2025.5.7 0:00
C5079,2025.3.19 0:00
C5079,2025.3.20 0:00
C5079,2025.3.20 0:00
C5079,2025.3.20 0:00
C5079,2025.3.21 0:00
C5080,2025.3.19 0:00
C5080,2025.3.20 0:00
C5080,2025.3.21 0:00
C5081,2025.3.20 0:00
C5081,2025.3.21 0:00
C5081,2025.3.25 0:00
C5082,2025.3.20 0:00
C5082,2025.4.3 0:00
C5082,2025.4.3 0:00
C5082,2025.4.3 0:00
C5082,2025.4.4 0:00
C5082,2025.4.8 0:00
C5082,2025.5.14 0:00
C5082,2025.7.3 0:00
C5083,2025.3.21 0:00
C5083,2025.3.24 0:00
C5083,2025.3.26 0:00
C5084,2025.3.21 0:00
C5084,2025.3.25 0:00
C5084,2025.3.31 0:00
C5085,2025.3.26 0:00
C5085,2025.3.28 0:00
C5085,2025.6.5 0:00
C5085,2025.10.16 0:00
C5086,2025.3.28 0:00
C5086,2025.4.1 0:00
C5086,2025.4.2 0:00
C5086,2025.5.27 0:00
C5087,2025.3.28 0:00
C5087,2025.3.31 0:00
C5087,2025.3.31 0:00
C5087,2025.5.19 0:00
C5087,2025.7.2 0:00
C5087,2025.7.7 0:00
C5088,2025.4.2 0:00
C5088,2025.4.3 0:00
C5088,2025.4.3 0:00
C5088,2025.4.3 0:00
C5088,2025.4.4 0:00
C5088,2025.4.4 0:00
C5088,2025.5.8 0:00
C5088,2025.6.5 0:00
C5089,2025.4.4 0:00
C5089,2025.4.7 0:00
C5089,2025.4.10 0:00
C5089,2025.4.3 0:00
C5089,2025.4.3 0:00
C5089,2025.4.8 0:00
C5089,2025.4.11 0:00
C5089,2025.4.9 0:00
C5089,2025.4.11 0:00
C5089,2025.4.14 0:00
C5089,2025.4.16 0:00
C5090,2025.4.4 0:00
C5090,2025.4.3 0:00
C5090,2025.4.4 0:00
C5090,2025.4.8 0:00
C5090,2025.4.9 0:00
C5090,2025.4.10 0:00
C5090,2025.4.11 0:00
C5090,2025.4.15 0:00
C5090,2025.4.16 0:00
C5090,2025.7.1 0:00
C5090,2025.7.2 0:00
C5090,2025.8.19 0:00
C5090,2025.8.28 0:00
C5090,2025.10.2 0:00
C5091,2025.4.8 0:00
C5091,2025.4.11 0:00
C5091,2025.4.14 0:00
C5091,2025.4.14 0:00
C5091,2025.4.25 0:00
C5091,2025.4.28 0:00
C5091,2025.4.28 0:00
C5091,2025.8.19 0:00
C5091,2025.8.19 0:00
C5092,2025.4.15 0:00
C5092,2025.4.10 0:00
C5092,2025.4.16 0:00
C5092,2025.4.16 0:00
C5092,2025.4.17 0:00
C5093,2025.5.16 0:00
C5093,2025.5.19 0:00
C5094,2025.4.9 0:00
C5094,2025.4.10 0:00
C5094,2025.4.10 0:00
C5094,2025.4.10 0:00
C5094,2025.4.14 0:00
C5094,2025.4.14 0:00
C5094,2025.4.18 0:00
C5094,2025.4.18 0:00
C5094,2025.5.16 0:00
C5096,2025.4.14 0:00
C5096,2025.4.10 0:00
C5096,2025.4.11 0:00
C5096,2025.4.14 0:00
C5097,2025.4.11 0:00
C5097,2025.4.21 0:00
C5097,2025.4.21 0:00
C5097,2025.7.8 0:00
C5097,2025.8.7 0:00
C5097,2025.9.29 0:00
C5097,2025.10.23 0:00
C5097,2025.11.6 0:00
C5098,2025.4.11 0:00
C5098,2025.4.25 0:00
C5098,2025.4.15 0:00
C5098,2025.5.20 0:00
C5098,2025.4.15 0:00
C5098,2025.4.15 0:00
C5098,2025.4.22 0:00
C5098,2025.4.28 0:00
C5098,2025.5.2 0:00
C5098,2025.5.20 0:00
C5098,2025.5.21 0:00
C5099,2025.4.14 0:00
C5099,2025.4.16 0:00
C5099,2025.4.18 0:00
C5099,2025.4.21 0:00
C5100,2025.4.14 0:00
C5100,2025.4.17 0:00
C5100,2025.4.22 0:00
C5101,2025.4.14 0:00
C5101,2025.4.28 0:00
C5101,2025.4.28 0:00
C5102,2025.4.15 0:00
C5102,2025.5.16 0:00
C5102,2025.5.16 0:00
C5102,2025.5.19 0:00
C5102,2025.5.19 0:00
C5102,2025.5.20 0:00
C5102,2025.5.21 0:00
C5102,2025.7.3 0:00
C5102,2025.7.8 0:00
C5102,2025.8.13 0:00
C5102,2025.8.13 0:00
C5102,2025.8.14 0:00
C5102,2025.8.28 0:00
C5103,2025.4.15 0:00
C5103,2025.4.17 0:00
C5103,2025.4.21 0:00
C5103,2025.4.30 0:00
C5104,2025.4.18 0:00
C5104,2025.4.15 0:00
C5104,2025.4.22 0:00
C5105,2025.4.16 0:00
C5105,2025.4.17 0:00
C5105,2025.4.17 0:00
C5105,2025.6.5 0:00
C5106,2025.4.16 0:00
C5106,2025.4.23 0:00
C5107,2025.4.16 0:00
C5108,2025.4.17 0:00
C5108,2025.4.24 0:00
C5108,2025.4.24 0:00
C5108,2025.5.9 0:00
C5108,2025.6.5 0:00
C5109,2025.4.17 0:00
C5109,2025.4.21 0:00
C5109,2025.4.23 0:00
C5110,2025.4.17 0:00
C5110,2025.4.21 0:00
C5110,2025.4.22 0:00
C5110,2025.4.23 0:00
C5110,2025.4.24 0:00
C5111,2025.4.18 0:00
C5111,2025.4.22 0:00
C5111,2025.5.7 0:00
C5112,2025.4.18 0:00
C5112,2025.4.23 0:00
C5112,2025.4.25 0:00
C5112,2025.5.2 0:00
C5112,2025.8.11 0:00
C5113,2025.4.21 0:00
C5113,2025.5.29 0:00
C5113,2025.5.21 0:00
C5113,2025.5.22 0:00
C5113,2025.5.30 0:00
C5113,2025.8.11 0:00
C5113,2025.8.27 0:00
C5114,2025.4.22 0:00
C5114,2025.4.25 0:00
C5114,2025.4.25 0:00
C5114,2025.4.30 0:00
C5115,2025.4.22 0:00
C5115,2025.4.28 0:00
C5115,2025.5.2 0:00
C5116,2025.4.24 0:00
C5116,2025.4.28 0:00
C5116,2025.4.28 0:00
C5117,2025.5.2 0:00
C5117,2025.4.30 0:00
C5117,2025.5.8 0:00
C5117,2025.5.9 0:00
C5117,2025.5.14 0:00
C5117,2025.5.15 0:00
C5117,2025.7.3 0:00
C5117,2025.8.28 0:00
C5117,2025.10.1 0:00
C5117,2025.10.28 0:00
C5118,2025.5.7 0:00
C5118,2025.5.8 0:00
C5118,2025.5.9 0:00
C5118,2025.5.12 0:00
C5119,2025.5.8 0:00
C5119,2025.5.9 0:00
C5119,2025.5.14 0:00
C5119,2025.5.13 0:00
C5120,2025.5.8 0:00
C5120,2025.5.9 0:00
C5120,2025.5.14 0:00
C5121,2025.5.9 0:00
C5121,2025.5.12 0:00
C5121,2025.5.15 0:00
C5122,2025.5.9 0:00
C5122,2025.5.14 0:00
C5122,2025.5.14 0:00
C5123,2025.5.9 0:00
C5123,2025.5.13 0:00
C5123,2025.5.28 0:00
C5123,2025.5.27 0:00
C5123,2025.5.28 0:00
C5123,2025.5.29 0:00
C5123,2025.7.15 0:00
C5124,2025.5.9 0:00
C5124,2025.5.12 0:00
C5124,2025.5.15 0:00
C5124,2025.5.16 0:00
C5124,2025.5.16 0:00
C5125,2025.5.19 0:00
C5125,2025.5.12 0:00
C5125,2025.5.14 0:00
C5125,2025.5.15 0:00
C5125,2025.5.14 0:00
C5125,2025.5.16 0:00
C5126,2025.5.13 0:00
C5127,2025.5.13 0:00
C5129,2025.5.14 0:00
C5129,2025.5.20 0:00
C5129,2025.5.21 0:00
C5129,2025.7.1 0:00
C5130,2025.5.14 0:00
C5130,2025.5.15 0:00
C5130,2025.6.5 0:00
C5130,2025.6.9 0:00
C5130,2025.9.16 0:00
C5131,2025.5.16 0:00
C5131,2025.5.21 0:00
C5131,2025.5.20 0:00
C5131,2025.5.21 0:00
C5131,2025.5.22 0:00
C5131,2025.6.25 0:00
C5131,2025.6.25 0:00
C5131,2025.6.26 0:00
C5131,2025.7.15 0:00
C5132,2025.5.20 0:00
C5132,2025.5.26 0:00
C5132,2025.5.28 0:00
C5132,2025.5.29 0:00
C5133,2025.5.20 0:00
C5133,2025.5.22 0:00
C5133,2025.5.26 0:00
C5133,2025.5.27 0:00
C5133,2025.5.27 0:00
C5133,2025.7.1 0:00
C5134,2025.5.22 0:00
C5134,2025.5.23 0:00
C5134,2025.5.26 0:00
C5134,2025.5.26 0:00
C5134,2025.5.27 0:00
C5135,2025.5.22 0:00
C5135,2025.5.27 0:00
C5135,2025.5.28 0:00
C5135,2025.11.6 0:00
C5135,2025.12.10 0:00
C5136,2025.5.23 0:00
C5136,2025.5.26 0:00
C5136,2025.5.27 0:00
C5136,2025.5.28 0:00
C5136,2025.6.2 0:00
C5136,2025.7.1 0:00
C5137,2025.5.26 0:00
C5137,2025.5.27 0:00
C5137,2025.5.27 0:00
C5137,2025.7.2 0:00
C5138,2025.5.29 0:00
C5138,2025.5.30 0:00
C5138,2025.5.30 0:00
C5138,2025.6.4 0:00
C5138,2025.6.4 0:00
C5138,2025.10.23 0:00
C5139,2025.5.29 0:00
C5139,2025.6.2 0:00
C5139,2025.6.2 0:00
C5139,2025.6.4 0:00
C5139,2025.6.4 0:00
C5140,2025.5.30 0:00
C5140,2025.6.5 0:00
C5140,2025.6.4 0:00
C5140,2025.6.4 0:00
C5140,2025.6.5 0:00
C5141,2025.5.30 0:00
C5141,2025.6.5 0:00
C5141,2025.6.5 0:00
C5141,2025.11.25 0:00
C5141,2025.11.25 0:00
C5142,2025.6.9 0:00
C5142,2025.6.5 0:00
C5142,2025.6.10 0:00
C5142,2025.7.18 0:00
C5143,2025.6.5 0:00
C5143,2025.6.11 0:00
C5143,2025.6.9 0:00
C5143,2025.6.10 0:00
C5144,2025.6.9 0:00
C5144,2025.6.10 0:00
C5144,2025.6.12 0:00
C5145,2025.6.9 0:00
C5145,2025.6.10 0:00
C5145,2025.6.12 0:00
C5146,2025.6.10 0:00
C5146,2025.6.11 0:00
C5146,2025.6.12 0:00
C5146,2025.6.20 0:00
C5147,2025.6.10 0:00
C5147,2025.6.11 0:00
C5147,2025.6.11 0:00
C5147,2025.6.13 0:00
C5147,2025.6.16 0:00
C5148,2025.6.13 0:00
C5148,2025.6.16 0:00
C5148,2025.6.17 0:00
C5148,2025.6.16 0:00
C5148,2025.6.24 0:00
C5148,2025.6.25 0:00
C5148,2025.7.2 0:00
C5148,2025.7.10 0:00
C5148,2025.7.11 0:00
C5149,2025.6.13 0:00
C5149,2025.6.19 0:00
C5149,2025.6.17 0:00
C5149,2025.6.19 0:00
C5149,2025.6.23 0:00
C5149,2025.6.24 0:00
C5149,2025.8.6 0:00
C5150,2025.6.12 0:00
C5150,2025.6.13 0:00
C5150,2025.6.16 0:00
C5150,2025.6.17 0:00
C5150,2025.8.28 0:00
C5151,2025.6.20 0:00
C5151,2025.6.24 0:00
C5151,2025.6.24 0:00
C5151,2025.10.20 0:00
C5151,2025.10.20 0:00
C5151,2025.11.6 0:00
C5152,2025.6.24 0:00
C5152,2025.6.25 0:00
C5152,2025.6.27 0:00
C5152,2025.6.26 0:00
C5152,2025.6.30 0:00
C5152,2025.9.4 0:00
C5152,2025.10.23 0:00
C5153,2025.6.30 0:00
C5153,2025.7.1 0:00
C5153,2025.7.16 0:00
C5153,2025.7.17 0:00
C5154,2025.7.1 0:00
C5154,2025.7.2 0:00
C5154,2025.7.4 0:00
C5155,2025.7.2 0:00
C5155,2025.7.3 0:00
C5155,2025.7.4 0:00
C5155,2025.7.7 0:00
C5155,2025.8.20 0:00
C5155,2025.10.22 0:00
C5155,2025.11.13 0:00
C5156,2025.7.17 0:00
C5156,2025.7.15 0:00
C5156,2025.7.18 0:00
C5156,2025.7.18 0:00
C5156,2025.7.24 0:00
C5156,2025.7.25 0:00
C5156,2025.8.8 0:00
C5156,2025.8.13 0:00
C5156,2025.9.4 0:00
C5157,2025.7.3 0:00
C5158,2025.7.4 0:00
C5159,2025.7.4 0:00
C5160,2025.7.18 0:00
C5160,2025.7.22 0:00
C5160,2025.10.23 0:00
C5161,2025.7.18 0:00
C5161,2025.7.22 0:00
C5161,2025.7.23 0:00
C5162,2025.7.17 0:00
C5162,2025.7.21 0:00
C5162,2025.7.22 0:00
C5163,2025.7.17 0:00
C5163,2025.7.21 0:00
C5163,2025.7.23 0:00
C5164,2025.7.7 0:00
C5164,2025.7.8 0:00
C5164,2025.7.8 0:00
C5164,2025.7.9 0:00
C5164,2025.7.9 0:00
C5165,2025.7.7 0:00
C5165,2025.7.9 0:00
C5165,2025.7.9 0:00
C5165,2025.8.27 0:00
C5165,2025.10.17 0:00
C5165,2025.11.10 0:00
C5165,2025.11.11 0:00
C5166,2025.7.9 0:00
C5166,2025.7.11 0:00
C5166,2025.7.14 0:00
C5166,2025.7.15 0:00
C5167,2025.7.14 0:00
C5167,2025.7.16 0:00
C5167,2025.7.15 0:00
C5167,2025.7.16 0:00
C5167,2025.7.17 0:00
C5167,2025.7.17 0:00
C5167,2025.7.29 0:00
C5168,2025.7.14 0:00
C5168,2025.7.17 0:00
C5168,2025.7.17 0:00
C5168,2025.7.18 0:00
C5168,2025.7.21 0:00
C5168,2025.10.27 0:00
C5168,2025.10.28 0:00
C5169,2025.7.14 0:00
C5169,2025.7.21 0:00
C5169,2025.7.28 0:00
C5169,2025.7.22 0:00
C5169,2025.8.7 0:00
C5169,2025.8.28 0:00
C5169,2025.9.30 0:00
C5169,2025.10.22 0:00
C5169,2025.11.5 0:00
C5170,2025.7.15 0:00
C5170,2025.7.17 0:00
C5170,2025.7.21 0:00
C5170,2025.8.7 0:00
C5170,2025.8.13 0:00
C5170,2025.8.13 0:00
C5170,2025.10.22 0:00
C5171,2025.7.15 0:00
C5171,2025.7.16 0:00
C5171,2025.7.21 0:00
C5171,2025.8.4 0:00
C5171,2025.8.5 0:00
C5171,2025.10.15 0:00
C5171,2025.11.12 0:00
C5172,2025.7.16 0:00
C5172,2025.7.21 0:00
C5172,2025.7.21 0:00
C5172,2025.7.22 0:00
C5172,2025.7.22 0:00
C5172,2025.8.12 0:00
C5172,2025.9.29 0:00
C5173,2025.7.17 0:00
C5173,2025.8.8 0:00
C5173,2025.8.8 0:00
C5173,2025.8.11 0:00
C5173,2025.8.28 0:00
C5173,2025.11.6 0:00
C5174,2025.7.21 0:00
C5174,2025.7.25 0:00
C5174,2025.7.29 0:00
C5174,2025.7.29 0:00
C5174,2025.8.4 0:00
C5174,2025.9.29 0:00
C5174,2025.11.6 0:00
C5174,2025.9.30 0:00
C5175,2025.7.21 0:00
C5175,2025.7.24 0:00
C5175,2025.7.24 0:00
C5175,2025.8.6 0:00
C5175,2025.9.4 0:00
C5176,2025.7.25 0:00
C5176,2025.7.29 0:00
C5176,2025.7.28 0:00
C5176,2025.7.29 0:00
C5176,2025.7.28 0:00
C5176,2025.7.29 0:00
C5176,2025.8.7 0:00
C5176,2025.8.28 0:00
C5176,2025.9.30 0:00
C5176,2025.10.22 0:00
C5176,2025.11.5 0:00
C5177,2025.7.24 0:00
C5177,2025.7.25 0:00
C5177,2025.7.25 0:00
C5177,2025.10.22 0:00
C5178,2025.7.25 0:00
C5178,2025.7.28 0:00
C5178,2025.7.29 0:00
C5178,2025.10.13 0:00
C5179,2025.7.28 0:00
C5179,2025.7.28 0:00
C5179,2025.8.4 0:00
C5179,2025.7.29 0:00
C5179,2025.10.28 0:00
C5179,2025.11.18 0:00
C5179,2025.11.19 0:00
C5180,2025.8.7 0:00
C5180,2025.8.11 0:00
C5180,2025.8.12 0:00
C5180,2025.8.13 0:00
C5181,2025.8.8 0:00
C5181,2025.8.11 0:00
C5181,2025.8.13 0:00
C5181,2025.8.14 0:00
C5182,2025.8.11 0:00
C5182,2025.8.11 0:00
C5182,2025.8.14 0:00
C5182,2025.9.8 0:00
C5182,2025.9.4 0:00
C5182,2025.9.4 0:00
C5182,2025.9.11 0:00
C5182,2025.9.11 0:00
C5182,2025.11.3 0:00
C5182,2025.9.10 0:00
C5183,2025.8.12 0:00
C5183,2025.9.8 0:00
C5183,2025.9.9 0:00
C5184,2025.8.8 0:00
C5184,2025.8.12 0:00
C5184,2025.8.14 0:00
C5184,2025.8.18 0:00
C5184,2025.8.19 0:00
C5184,2025.10.23 0:00
C5184,2025.11.12 0:00
C5185,2025.8.8 0:00
C5185,2025.8.12 0:00
C5185,2025.8.19 0:00
C5186,2025.8.11 0:00
C5186,2025.8.14 0:00
C5186,2025.8.18 0:00
C5187,2025.8.12 0:00
C5187,2025.8.20 0:00
C5187,2025.8.21 0:00
C5187,2025.8.21 0:00
C5187,2025.8.22 0:00
C5188,2025.8.12 0:00
C5188,2025.8.13 0:00
C5188,2025.8.29 0:00
C5188,2025.10.1 0:00
C5188,2025.10.27 0:00
C5189,2025.8.12 0:00
C5189,2025.8.14 0:00
C5189,2025.8.18 0:00
C5189,2025.8.18 0:00
C5190,2025.8.13 0:00
C5190,2025.8.20 0:00
C5190,2025.8.18 0:00
C5191,2025.8.13 0:00
C5191,2025.8.20 0:00
C5192,2025.8.14 0:00
C5192,2025.8.25 0:00
C5192,2025.8.27 0:00
C5193,2025.8.14 0:00
C5194,2025.8.14 0:00
C5195,2025.8.19 0:00
C5195,2025.8.25 0:00
C5195,2025.8.21 0:00
C5195,2025.9.5 0:00
C5195,2025.10.1 0:00
C5195,2025.10.28 0:00
C5195,2025.11.13 0:00
C5196,2025.8.20 0:00
C5196,2025.8.21 0:00
C5196,2025.8.21 0:00
C5196,2025.8.21 0:00
C5196,2025.8.22 0:00
C5197,2025.8.21 0:00
C5197,2025.8.21 0:00
C5197,2025.8.22 0:00
C5197,2025.8.22 0:00
C5197,2025.8.25 0:00
C5197,2025.8.26 0:00
C5198,2025.8.21 0:00
C5198,2025.8.22 0:00
C5199,2025.8.26 0:00
C5199,2025.8.28 0:00
C5199,2025.9.16 0:00
C5199,2025.10.2 0:00
C5199,2025.10.2 0:00
C5200,2025.8.26 0:00
C5200,2025.8.28 0:00
C5200,2025.8.29 0:00
C5201,2025.8.27 0:00
C5201,2025.8.29 0:00
C5201,2025.9.1 0:00
C5201,2025.9.2 0:00
C5201,2025.11.3 0:00
C5201,2025.11.3 0:00
C5201,2025.11.4 0:00
C5202,2025.8.27 0:00
C5202,2025.8.29 0:00
C5202,2025.9.1 0:00
C5202,2025.10.23 0:00
C5203,2025.8.29 0:00
C5203,2025.9.1 0:00
C5203,2025.9.3 0:00
C5203,2025.9.4 0:00
C5204,2025.8.29 0:00
C5204,2025.9.1 0:00
C5204,2025.9.2 0:00
C5204,2025.9.4 0:00
C5204,2025.9.5 0:00
C5205,2025.9.1 0:00
C5205,2025.9.2 0:00
C5205,2025.9.5 0:00
C5205,2025.9.3 0:00
C5205,2025.9.9 0:00
C5205,2025.9.10 0:00
C5205,2025.10.1 0:00
C5205,2025.10.27 0:00
C5205,2025.11.13 0:00
C5206,2025.9.2 0:00
C5206,2025.9.4 0:00
C5206,2025.9.3 0:00
C5206,2025.9.3 0:00
C5206,2025.9.4 0:00
C5207,2025.9.3 0:00
C5207,2025.9.4 0:00
C5207,2025.9.4 0:00
C5207,2025.9.5 0:00
C5207,2025.9.30 0:00
C5208,2025.9.9 0:00
C5208,2025.9.17 0:00
C5208,2025.9.17 0:00
C5208,2025.9.30 0:00
C5209,2025.9.9 0:00
C5209,2025.9.10 0:00
C5209,2025.9.11 0:00
C5209,2025.9.12 0:00
C5209,2025.9.29 0:00
C5209,2025.9.30 0:00
C5209,2025.11.3 0:00
C5210,2025.9.10 0:00
C5211,2025.9.11 0:00
C5212,2025.9.11 0:00
C5213,2025.9.18 0:00
C5213,2025.9.19 0:00
C5213,2025.9.22 0:00
C5214,2025.9.19 0:00
C5214,2025.9.26 0:00
C5214,2025.9.30 0:00
C5215,2025.9.25 0:00
C5215,2025.9.30 0:00
C5215,2025.9.29 0:00
C5216,2025.9.29 0:00
C5216,2025.10.28 0:00
C5217,2025.9.29 0:00
C5218,2025.9.30 0:00
C5219,2025.10.1 0:00
C5219,2025.10.2 0:00
C5219,2025.10.14 0:00
C5219,2025.12.12 0:00
C5220,2025.10.2 0:00
C5220,2025.10.14 0:00
C5220,2025.10.13 0:00
C5220,2025.10.23 0:00
C5221,2025.10.14 0:00
C5221,2025.10.15 0:00
C5221,2025.10.15 0:00
C5221,2025.10.16 0:00
C5221,2025.10.16 0:00
C5222,2025.10.16 0:00
C5222,2025.10.17 0:00
C5222,2025.10.16 0:00
C5222,2025.10.20 0:00
C5222,2025.10.17 0:00
C5222,2025.10.20 0:00
C5223,2025.10.17 0:00
C5223,2025.10.21 0:00
C5224,2025.10.20 0:00
C5224,2025.10.22 0:00
C5224,2025.10.21 0:00
C5224,2025.10.21 0:00
C5224,2025.10.22 0:00
C5224,2025.10.22 0:00
C5224,2025.10.22 0:00
C5224,2025.10.23 0:00
C5224,2025.10.23 0:00
C5225,2025.10.21 0:00
C5225,2025.10.23 0:00
C5225,2025.10.24 0:00
C5226,2025.10.22 0:00
C5226,2025.10.24 0:00
C5226,2025.10.24 0:00
C5227,2025.10.27 0:00
C5228,2025.10.27 0:00
C5229,2025.10.28 0:00
C5229,2025.11.6 0:00
C5230,2025.10.28 0:00
C5230,2025.10.30 0:00
C5231,2025.10.29 0:00
C5231,2025.10.31 0:00
C5231,2025.10.31 0:00
C5231,2025.11.3 0:00
C5232,2025.11.27 0:00
C5232,2025.12.1 0:00
C5232,2025.12.1 0:00
C5232,2025.12.11 0:00
C5232,2025.12.12 0:00
C5233,2025.11.25 0:00
C5233,2025.11.26 0:00
C5233,2025.11.27 0:00
C5233,2025.12.10 0:00
C5234,2025.11.6 0:00
C5234,2025.11.6 0:00
C5235,2025.11.6 0:00
C5235,2025.11.13 0:00
C5236,2025.11.7 0:00
C5237,2025.11.7 0:00
C5238,2025.11.10 0:00
C5239,2025.11.17 0:00
C5239,2025.11.18 0:00
C5239,2025.11.19 0:00
C5239,2025.11.20 0:00
C5239,2025.11.21 0:00
C5239,2025.11.24 0:00
C5239,2025.12.9 0:00
C5239,2025.12.9 0:00
C5240,2025.11.12 0:00
C5240,2025.11.17 0:00
C5240,2025.11.17 0:00
C5241,2025.11.13 0:00
C5241,2025.11.14 0:00
C5241,2025.11.17 0:00
C5241,2025.11.17 0:00
C5241,2025.11.18 0:00
C5241,2025.11.19 0:00
C5241,2025.11.19 0:00
C5242,2025.11.19 0:00
C5242,2025.11.20 0:00
C5242,2025.11.20 0:00
C5242,2025.12.11 0:00
C5243,2025.11.20 0:00
C5244,2025.11.21 0:00
C5244,2025.11.21 0:00
C5244,2025.11.21 0:00
C5245,2025.11.24 0:00
C5245,2025.11.24 0:00
C5245,2025.11.20 0:00
C5245,2025.11.20 0:00
C5245,2025.11.20 0:00
C5245,2025.11.24 0:00
C5246,2025.11.24 0:00
C5246,2025.11.25 0:00
C5246,2025.11.25 0:00
C5246,2025.11.26 0:00
C5246,2025.11.26 0:00
C5246,2025.11.27 0:00
C5246,2025.11.28 0:00
C5246,2025.11.27 0:00
C5246,2025.12.4 0:00
C5247,2025.11.24 0:00
C5247,2025.11.25 0:00
C5247,2025.12.10 0:00
C5248,2025.11.26 0:00
C5248,2025.11.27 0:00
C5248,2025.12.2 0:00
C5248,2025.11.27 0:00
C5248,2025.12.2 0:00
C5249,2025.12.11 0:00
C5249,2025.12.12 0:00
C5249,2025.12.15 0:00
C5250,2025.12.11 0:00
C5250,2025.12.12 0:00
C5250,2025.12.15 0:00
C5250,2025.12.16 0:00
C5251,2025.12.16 0:00
C5251,2025.12.15 0:00
C5252,2025.12.15 0:00
C5252,2025.12.17 0:00
C5252,2025.12.16 0:00
C5252,2025.12.18 0:00
C5253,2025.12.18 0:00
C5253,2025.12.22 0:00
C5254,2025.12.23 0:00
C5255,2025.12.22 0:00
C5255,2025.12.23 0:00
C5256,2025.12.22 0:00
C5256,2025.12.23 0:00
C5257,2025.12.23 0:00
C5258,2025.12.30 0:00
CC5091,2025.4.10 0:00
D01Y001,2025.5.16 0:00
D01Y001,2025.5.19 0:00
D28BE1,2025.10.13 0:00
D29Y02,2025.10.16 0:00
D29Y02,2025.11.12 0:00
D29YD2,2025.8.8 0:00
DF03,2025.10.31 0:00
E15BE1,2025.10.13 0:00
E3023,2025.5.14 0:00
E4013,2025.4.4 0:00
E4013,2025.5.14 0:00
E4013,2025.10.27 0:00
E4021,2025.5.30 0:00
E4021,2025.6.2 0:00
E4021,2025.7.3 0:00
E4029,2025.6.2 0:00
E4043,2025.4.4 0:00
E4043,2025.6.5 0:00
E5005,2025.4.7 0:00
E5005,2025.6.4 0:00
E5005,2025.6.5 0:00
E5005,2025.7.1 0:00
E5005,2025.10.22 0:00
E5006,2025.4.1 0:00
E5007,2025.8.8 0:00
E5007,2025.10.16 0:00
E5009,2025.3.11 0:00
E5009,2025.5.12 0:00
E5010,2025.3.12 0:00
E5010,2025.3.20 0:00
E5010,2025.3.21 0:00
E5010,2025.5.30 0:00
E5010,2025.7.1 0:00
E5010,2025.7.8 0:00
E5010,2025.8.28 0:00
E5011,2025.3.17 0:00
E5011,2025.3.20 0:00
E5012,2025.4.2 0:00
E5012,2025.4.3 0:00
E5012,2025.9.30 0:00
E5012,2025.10.1 0:00
E5013,2025.3.24 0:00
E5013,2025.3.26 0:00
E5013,2025.5.20 0:00
E5013,2025.8.13 0:00
E5014,2025.3.26 0:00
E5014,2025.3.27 0:00
E5014,2025.3.27 0:00
E5014,2025.4.2 0:00
E5015,2025.3.25 0:00
E5016,2025.3.31 0:00
E5017,2025.4.10 0:00
E5017,2025.4.21 0:00
E5017,2025.4.21 0:00
E5017,2025.4.30 0:00
E5017,2025.4.30 0:00
E5018,2025.4.21 0:00
E5018,2025.4.28 0:00
E5018,2025.4.28 0:00
E5019,2025.4.23 0:00
E5019,2025.4.24 0:00
E5019,2025.5.15 0:00
E5020,2025.5.19 0:00
E5020,2025.5.20 0:00
E5020,2025.5.20 0:00
E5020,2025.10.1 0:00
E5021,2025.5.21 0:00
E5021,2025.5.22 0:00
E5021,2025.5.22 0:00
E5021,2025.5.23 0:00
E5021,2025.7.1 0:00
E5021,2025.8.14 0:00
E5021,2025.8.14 0:00
E5022,2025.5.29 0:00
E5022,2025.6.2 0:00
E5022,2025.6.2 0:00
E5023,2025.6.10 0:00
E5023,2025.6.13 0:00
E5023,2025.6.12 0:00
E5023,2025.6.19 0:00
E5023,2025.6.16 0:00
E5023,2025.6.26 0:00
E5023,2025.6.24 0:00
E5023,2025.6.27 0:00
E5024,2025.6.12 0:00
E5024,2025.6.16 0:00
E5024,2025.6.16 0:00
E5025,2025.6.18 0:00
E5025,2025.6.18 0:00
E5025,2025.6.20 0:00
E5025,2025.6.30 0:00
E5025,2025.7.1 0:00
E5025,2025.8.7 0:00
E5025,2025.9.4 0:00
E5026,2025.6.17 0:00
E5026,2025.6.23 0:00
E5026,2025.6.23 0:00
E5026,2025.6.24 0:00
E5026,2025.7.8 0:00
E5027,2025.6.19 0:00
E5027,2025.7.1 0:00
E5027,2025.6.20 0:00
E5027,2025.6.20 0:00
E5027,2025.8.6 0:00
E5028,2025.7.1 0:00
E5028,2025.7.3 0:00
E5028,2025.7.3 0:00
E5029,2025.7.9 0:00
E5029,2025.7.10 0:00
E5029,2025.7.11 0:00
E5030,2025.7.10 0:00
E5030,2025.7.16 0:00
E5030,2025.7.16 0:00
E5031,2025.8.6 0:00
E5031,2025.8.11 0:00
E5031,2025.8.11 0:00
E5031,2025.8.27 0:00
E5031,2025.8.28 0:00
E5031,2025.8.29 0:00
E5031,2025.8.27 0:00
E5031,2025.8.28 0:00
E5031,2025.8.12 0:00
E5031,2025.9.1 0:00
E5031,2025.10.23 0:00
E5032,2025.8.11 0:00
E5032,2025.8.20 0:00
E5032,2025.8.20 0:00
E5032,2025.8.21 0:00
E5033,2025.8.18 0:00
E5033,2025.8.19 0:00
E5033,2025.8.19 0:00
E5033,2025.10.1 0:00
E5033,2025.10.28 0:00
E5034,2025.9.12 0:00
E5034,2025.9.12 0:00
E5034,2025.9.12 0:00
E5035,2025.9.11 0:00
E5035,2025.9.12 0:00
E5035,2025.9.12 0:00
E5036,2025.9.22 0:00
E5036,2025.9.22 0:00
E5036,2025.10.1 0:00
E5036,2025.10.2 0:00
E5036,2025.11.12 0:00
E5037,2025.9.23 0:00
E5037,2025.9.23 0:00
E5037,2025.10.2 0:00
E5037,2025.10.10 0:00
E5037,2025.10.13 0:00
E5037,2025.11.12 0:00
E5038,2025.9.24 0:00
E5038,2025.9.25 0:00
E5038,2025.9.25 0:00
E5039,2025.10.20 0:00
E5039,2025.10.24 0:00
E5039,2025.10.24 0:00
E5039,2025.11.12 0:00
E5040,2025.10.27 0:00
E5040,2025.10.21 0:00
E5040,2025.10.27 0:00
E5041,2025.10.23 0:00
E5041,2025.10.24 0:00
E5041,2025.10.24 0:00
E5041,2025.10.28 0:00
E5042,2025.11.5 0:00
E5042,2025.11.10 0:00
E5042,2025.11.10 0:00
E5043,2025.11.7 0:00
E5043,2025.11.12 0:00
E5043,2025.11.12 0:00
E5044,2025.11.7 0:00
E5044,2025.11.10 0:00
E5044,2025.11.10 0:00
E5045,2025.11.10 0:00
E5045,2025.11.12 0:00
E5045,2025.11.12 0:00
E5045,2025.11.12 0:00
E5046,2025.11.11 0:00
E5046,2025.11.12 0:00
E5046,2025.11.12 0:00
E5046,2025.11.12 0:00
E5047,2025.11.11 0:00
E5047,2025.11.12 0:00
E5047,2025.11.12 0:00
E5048,2025.11.14 0:00
E5048,2025.11.19 0:00
E5048,2025.11.20 0:00
E5048,2025.11.21 0:00
E5048,2025.11.24 0:00
E5049,2025.12.1 0:00
E5049,2025.12.11 0:00
E5049,2025.12.11 0:00
E5050,2025.12.12 0:00
E5050,2025.12.17 0:00
E5050,2025.12.17 0:00
E8010,2025.6.2 0:00
F.3Y002,2025.6.19 0:00
F03Y002,2025.8.28 0:00
F24BE1,2025.10.13 0:00
G24BE1,2025.10.13 0:00
G24BE1,2025.10.13 0:00
H2721,2025.8.6 0:00
H2721J,2025.4.8 0:00
H2721J,2025.7.8 0:00
H4038,2025.4.7 0:00
H4050,2025.10.22 0:00
H4069,2025.4.4 0:00
H4069,2025.5.14 0:00
H4069,2025.11.6 0:00
H4090,2025.10.31 0:00
H4097,2025.7.4 0:00
H4098,2025.5.14 0:00
H4112,2025.10.31 0:00
H4116,2025.10.1 0:00
H4117,2025.10.1 0:00
H4117,2025.10.16 0:00
H4122,2025.10.31 0:00
H4122,2025.12.16 0:00
H4123,2025.6.2 0:00
H4123,2025.6.2 0:00
H4124,2025.6.2 0:00
H4125,2025.7.4 0:00
H4128,2025.4.4 0:00
H4128,2025.5.14 0:00
H5005,2025.10.22 0:00
H5005,2025.11.6 0:00
H5007,2025.12.16 0:00
H5008,2025.10.22 0:00
H5013,2025.12.1 0:00
H5015,2025.3.13 0:00
H5015,2025.10.2 0:00
H5015,2025.12.4 0:00
H5015,2025.12.8 0:00
H5015,2025.12.8 0:00
H5016,2025.3.25 0:00
H5016,2025.3.21 0:00
H5016,2025.3.24 0:00
H5016,2025.3.13 0:00
H5017,2025.3.13 0:00
H5018,2025.3.13 0:00
H5019,2025.3.27 0:00
H5020,2025.3.27 0:00
H5020,2025.4.1 0:00
H5021,2025.3.28 0:00
H5021,2025.4.1 0:00
H5022,2025.4.7 0:00
H5022,2025.4.8 0:00
H5022,2025.4.4 0:00
H5022,2025.4.8 0:00
H5023,2025.4.7 0:00
H5024,2025.4.11 0:00
H5024,2025.4.16 0:00
H5024,2025.4.16 0:00
H5025,2025.4.14 0:00
H5025,2025.4.16 0:00
H5025,2025.6.2 0:00
H5025,2025.8.6 0:00
H5026,2025.4.28 0:00
H5026,2025.5.2 0:00
H5026,2025.5.7 0:00
H5026,2025.5.9 0:00
H5027,2025.4.29 0:00
H5027,2025.5.7 0:00
H5028,2025.4.30 0:00
H5028,2025.5.7 0:00
H5028,2025.5.7 0:00
H5029,2025.5.2 0:00
H5029,2025.5.7 0:00
H5029,2025.5.7 0:00
H5030,2025.5.2 0:00
H5030,2025.5.7 0:00
H5030,2025.5.7 0:00
H5031,2025.5.9 0:00
H5031,2025.5.8 0:00
H5031,2025.5.12 0:00
H5031,2025.5.9 0:00
H5031,2025.5.12 0:00
H5032,2025.5.14 0:00
H5032,2025.5.15 0:00
H5032,2025.5.15 0:00
H5033,2025.5.16 0:00
H5033,2025.5.19 0:00
H5033,2025.5.19 0:00
H5034,2025.5.20 0:00
H5034,2025.5.23 0:00
H5034,2025.5.27 0:00
H5034,2025.5.28 0:00
H5035,2025.5.28 0:00
H5035,2025.5.29 0:00
H5035,2025.5.30 0:00
H5035,2025.5.30 0:00
H5036,2025.5.30 0:00
H5036,2025.6.9 0:00
H5036,2025.6.9 0:00
H5037,2025.5.30 0:00
H5037,2025.6.9 0:00
H5037,2025.6.9 0:00
H5038,2025.6.9 0:00
H5038,2025.6.11 0:00
H5038,2025.6.25 0:00
H5038,2025.6.11 0:00
H5038,2025.6.12 0:00
H5038,2025.6.12 0:00
H5038,2025.6.25 0:00
H5038,2025.10.27 0:00
H5039,2025.6.23 0:00
H5040,2025.6.24 0:00
H5040,2025.6.27 0:00
H5040,2025.6.30 0:00
H5040,2025.6.27 0:00
H5040,2025.7.1 0:00
H5041,2025.6.25 0:00
H5041,2025.6.30 0:00
H5041,2025.6.27 0:00
H5041,2025.6.27 0:00
H5042,2025.6.27 0:00
H5042,2025.7.3 0:00
H5042,2025.7.3 0:00
H5042,2025.7.7 0:00
H5042,2025.7.7 0:00
H5043,2025.6.30 0:00
H5043,2025.7.2 0:00
H5044,2025.7.4 0:00
H5044,2025.7.7 0:00
H5044,2025.7.7 0:00
H5044,2025.7.8 0:00
H5044,2025.7.8 0:00
H5045,2025.7.9 0:00
H5045,2025.7.14 0:00
H5045,2025.7.14 0:00
H5045,2025.9.9 0:00
H5046,2025.7.21 0:00
H5046,2025.7.23 0:00
H5047,2025.7.22 0:00
H5047,2025.10.1 0:00
H5048,2025.7.22 0:00
H5048,2025.7.29 0:00
H5048,2025.7.29 0:00
H5048,2025.10.31 0:00
H5048,2025.11.13 0:00
H5049,2025.7.24 0:00
H5049,2025.7.28 0:00
H5049,2025.7.28 0:00
H5050,2025.7.28 0:00
H5050,2025.7.29 0:00
H5050,2025.7.29 0:00
H5051,2025.7.28 0:00
H5052,2025.8.4 0:00
H5052,2025.8.5 0:00
H5052,2025.8.5 0:00
H5052,2025.10.13 0:00
H5053,2025.8.6 0:00
H5053,2025.8.8 0:00
H5053,2025.8.8 0:00
H5054,2025.8.19 0:00
H5054,2025.8.20 0:00
H5054,2025.10.29 0:00
H5054,2025.8.20 0:00
H5054,2025.8.20 0:00
H5054,2025.10.30 0:00
H5055,2025.8.19 0:00
H5055,2025.8.20 0:00
H5055,2025.8.20 0:00
H5055,2025.10.22 0:00
H5056,2025.8.28 0:00
H5056,2025.9.1 0:00
H5056,2025.9.1 0:00
H5057,2025.8.28 0:00
H5057,2025.8.29 0:00
H5057,2025.8.29 0:00
H5057,2025.9.1 0:00
H5057,2025.9.1 0:00
H5058,2025.8.28 0:00
H5058,2025.9.2 0:00
H5058,2025.9.1 0:00
H5058,2025.9.2 0:00
H5059,2025.8.29 0:00
H5059,2025.9.3 0:00
H5059,2025.9.3 0:00
H5060,2025.9.1 0:00
H5060,2025.9.2 0:00
H5060,2025.9.2 0:00
H5060,2025.9.15 0:00
H5060,2025.9.15 0:00
H5060,2025.10.31 0:00
H5060,2025.12.10 0:00
H5061,2025.9.4 0:00
H5061,2025.9.5 0:00
H5061,2025.9.8 0:00
H5061,2025.9.8 0:00
H5061/2,2025.9.5 0:00
H5062,2025.9.4 0:00
H5062,2025.9.8 0:00
H5062,2025.9.8 0:00
H5063,2025.9.9 0:00
H5063,2025.9.9 0:00
H5063,2025.9.8 0:00
H5063,2025.9.10 0:00
H5063,2025.9.9 0:00
H5063,2025.9.9 0:00
H5063,2025.9.9 0:00
H5064,2025.9.10 0:00
H5064,2025.9.11 0:00
H5064,2025.9.11 0:00
H5064,2025.10.14 0:00
H5064,2025.10.22 0:00
H5065,2025.9.10 0:00
H5065,2025.9.11 0:00
H5065,2025.9.11 0:00
H5066,2025.9.10 0:00
H5066,2025.9.12 0:00
H5066,2025.9.12 0:00
H5066,2025.11.11 0:00
H5067,2025.9.12 0:00
H5067,2025.9.17 0:00
H5067,2025.9.17 0:00
H5068,2025.9.12 0:00
H5068,2025.9.17 0:00
H5068,2025.9.17 0:00
H5069,2025.9.18 0:00
H5069,2025.9.22 0:00
H5069,2025.9.17 0:00
H5069,2025.9.22 0:00
H5069,2025.10.31 0:00
H5070,2025.9.23 0:00
H5070,2025.9.24 0:00
H5070,2025.9.24 0:00
H5070,2025.11.12 0:00
H5071,2025.10.10 0:00
H5071,2025.10.21 0:00
H5071,2025.10.20 0:00
H5071,2025.11.12 0:00
H5072,2025.10.14 0:00
H5072,2025.10.15 0:00
H5072,2025.10.15 0:00
H5072,2025.10.16 0:00
H5072,2025.10.16 0:00
H5073,2025.10.15 0:00
H5073,2025.10.16 0:00
H5074,2025.10.16 0:00
H5074,2025.10.17 0:00
H5074,2025.10.21 0:00
H5075,2025.10.17 0:00
H5075,2025.10.22 0:00
H5075,2025.10.22 0:00
H5075,2025.10.23 0:00
H5075,2025.10.23 0:00
H5076,2025.10.21 0:00
H5076,2025.10.23 0:00
H5076,2025.10.27 0:00
H5077,2025.10.28 0:00
H5077,2025.10.28 0:00
H5077,2025.10.27 0:00
H5077,2025.10.28 0:00
H5077,2025.10.28 0:00
H5077,2025.10.28 0:00
H5077,2025.11.20 0:00
H5077,2025.11.20 0:00
H5078,2025.10.24 0:00
H5078,2025.10.27 0:00
H5078,2025.10.28 0:00
H5078,2025.10.27 0:00
H5078,2025.10.27 0:00
H5078,2025.10.28 0:00
H5078,2025.11.11 0:00
H5079,2025.10.24 0:00
H5079,2025.10.28 0:00
H5079,2025.10.28 0:00
H5080,2025.10.27 0:00
H5080,2025.10.28 0:00
H5080,2025.10.28 0:00
H5080,2025.10.29 0:00
H5080,2025.10.29 0:00
H5082,2025.10.28 0:00
H5082,2025.10.30 0:00
H5082,2025.10.31 0:00
H5083,2025.10.31 0:00
H5083,2025.11.3 0:00
H5083,2025.11.5 0:00
H5083,2025.11.3 0:00
H5083,2025.11.5 0:00
H5083,2025.11.5 0:00
H5083,2025.11.6 0:00
H5084,2025.11.3 0:00
H5084,2025.10.31 0:00
H5084,2025.11.12 0:00
H5084,2025.11.3 0:00
H5084,2025.11.12 0:00
H5085,2025.10.31 0:00
H5085,2025.11.4 0:00
H5085,2025.11.4 0:00
H5085,2025.11.4 0:00
H5085,2025.11.4 0:00
H5085,2025.12.16 0:00
H5086,2025.11.4 0:00
H5086,2025.11.6 0:00
H5087,2025.11.10 0:00
H5087,2025.11.12 0:00
H5087,2025.11.12 0:00
H5088,2025.11.17 0:00
H5088,2025.11.18 0:00
H5088,2025.11.18 0:00
H5088,2025.11.19 0:00
H5088,2025.11.19 0:00
H5089,2025.11.17 0:00
H5089,2025.11.19 0:00
H5089,2025.11.19 0:00
H5090,2025.10.14 0:00
H5090,2025.11.18 0:00
H5090,2025.11.21 0:00
H5090,2025.11.24 0:00
H5090,2025.11.21 0:00
H5090,2025.11.24 0:00
H5091,2025.11.18 0:00
H5091,2025.11.24 0:00
H5091,2025.11.24 0:00
H5092,2025.11.18 0:00
H5092,2025.11.20 0:00
H5092,2025.11.19 0:00
H5092,2025.11.20 0:00
H5092,2025.11.19 0:00
H5093,2025.11.18 0:00
H5093,2025.11.20 0:00
H5093,2025.11.20 0:00
H5093,2025.12.1 0:00
H5093,2025.12.1 0:00
H5094,2025.11.19 0:00
H5094,2025.11.24 0:00
H5094,2025.11.24 0:00
H5094,2025.11.25 0:00
H5094,2025.11.25 0:00
H5095,2025.11.19 0:00
H5095,2025.12.8 0:00
H5095,2025.11.24 0:00
H5096,2025.11.20 0:00
H5096,2025.11.21 0:00
H5096,2025.11.21 0:00
H5097,2025.11.20 0:00
H5097,2025.11.25 0:00
H5097,2025.11.25 0:00
H5098,2025.11.20 0:00
H5098,2025.11.26 0:00
H5098,2025.11.26 0:00
H5099,2025.11.21 0:00
H5099,2025.11.25 0:00
H5099,2025.12.4 0:00
H5099,2025.12.3 0:00
H5100,2025.11.21 0:00
H5100,2025.11.24 0:00
H5100,2025.11.25 0:00
H5100,2025.11.25 0:00
H5101,2025.11.25 0:00
H5101,2025.12.1 0:00
H5101,2025.12.1 0:00
H5102,2025.11.25 0:00
H5102,2025.11.27 0:00
H5102,2025.11.27 0:00
H5103,2025.11.27 0:00
H5103,2025.12.1 0:00
H5103,2025.12.10 0:00
H5104,2025.11.28 0:00
H5104,2025.12.12 0:00
H5104,2025.12.12 0:00
H5105,2025.12.3 0:00
H5106,2025.12.3 0:00
H5106,2025.12.10 0:00
H5107,2025.12.4 0:00
H5107,2025.12.9 0:00
H5107,2025.12.9 0:00
H5107,2025.12.10 0:00
H5107,2025.12.10 0:00
H5108,2025.12.4 0:00
H5108,2025.12.12 0:00
H5108,2025.12.12 0:00
H5109,2025.12.12 0:00
H5109,2025.12.15 0:00
H5109,2025.12.15 0:00
H5110,2025.12.12 0:00
H5110,2025.12.15 0:00
H5110,2025.12.15 0:00
I15BE1,2025.10.13 0:00
I15BE1,2025.12.11 0:00
J22BE1,2025.12.11 0:00
M5044,2025.3.10 0:00
M5045,2025.3.10 0:00
M5046,2025.4.2 0:00
M5046,2025.3.26 0:00
M5046,2025.4.3 0:00
M5046,2025.4.3 0:00
M5047,2025.4.7 0:00
M5047,2025.4.23 0:00
M5047,2025.4.23 0:00
M5048,2025.4.7 0:00
M5048,2025.4.23 0:00
M5048,2025.4.23 0:00
M5049,2025.4.8 0:00
M5049,2025.4.23 0:00
M5049,2025.4.23 0:00
M5050,2025.4.8 0:00
M5051,2025.4.9 0:00
M5052,2025.4.21 0:00
M5052,2025.4.22 0:00
M5052,2025.4.28 0:00
M5052,2025.4.28 0:00
M5053,2025.4.28 0:00
M5053,2025.4.24 0:00
M5053,2025.4.25 0:00
M5054,2025.4.30 0:00
M5054,2025.4.25 0:00
M5054,2025.5.2 0:00
M5054,2025.5.2 0:00
M5055,2025.4.28 0:00
M5055,2025.5.2 0:00
M5055,2025.5.2 0:00
M5056,2025.4.28 0:00
M5056,2025.5.2 0:00
M5056,2025.5.2 0:00
M5057,2025.4.29 0:00
M5058,2025.4.29 0:00
M5058,2025.5.7 0:00
M5059,2025.4.30 0:00
M5059,2025.5.8 0:00
M5059,2025.5.8 0:00
M5059,2025.5.8 0:00
M5060,2025.4.30 0:00
M5060,2025.5.2 0:00
M5061,2025.5.9 0:00
M5061,2025.5.2 0:00
M5061,2025.5.9 0:00
M5062,2025.5.9 0:00
M5062,2025.5.7 0:00
M5062,2025.5.9 0:00
M5063,2025.5.12 0:00
M5063,2025.5.14 0:00
M5063,2025.5.14 0:00
M5064,2025.5.19 0:00
M5064,2025.5.21 0:00
M5065,2025.5.19 0:00
M5065,2025.5.21 0:00
M5066,2025.5.20 0:00
M5066,2025.5.22 0:00
M5066,2025.5.22 0:00
M5067,2025.5.21 0:00
M5067,2025.5.22 0:00
M5067,2025.5.22 0:00
M5068,2025.5.21 0:00
M5068,2025.5.22 0:00
M5068,2025.5.22 0:00
M5069,2025.5.22 0:00
M5069,2025.5.23 0:00
M5070,2025.5.22 0:00
M5071,2025.6.16 0:00
M5071,2025.6.17 0:00
M5072,2025.6.16 0:00
M5072,2025.6.18 0:00
M5072,2025.6.18 0:00
M5073,2025.6.17 0:00
M5073,2025.6.18 0:00
M5073,2025.6.18 0:00
M5074,2025.6.17 0:00
M5074,2025.6.18 0:00
M5074,2025.6.18 0:00
M5075,2025.6.18 0:00
M5075,2025.6.19 0:00
M5075,2025.6.19 0:00
M5076,2025.6.18 0:00
M5076,2025.6.19 0:00
M5076,2025.6.19 0:00
M5077,2025.6.20 0:00
M5077,2025.6.23 0:00
M5077,2025.6.23 0:00
M5078,2025.6.23 0:00
M5078,2025.6.25 0:00
M5078,2025.6.25 0:00
M5079,2025.6.24 0:00
M5079,2025.6.25 0:00
M5079,2025.6.25 0:00
M5080,2025.6.25 0:00
M5080,2025.6.26 0:00
M5080,2025.6.26 0:00
M5081,2025.6.25 0:00
M5081,2025.6.27 0:00
M5081,2025.6.26 0:00
M5081,2025.6.26 0:00
M5081,2025.6.27 0:00
M5082,2025.6.26 0:00
M5082,2025.6.27 0:00
M5082,2025.6.27 0:00
M5083,2025.6.26 0:00
M5083,2025.6.27 0:00
M5083,2025.6.27 0:00
M5084,2025.6.27 0:00
M5084,2025.6.30 0:00
M5084,2025.6.30 0:00
M5085,2025.7.1 0:00
M5085,2025.7.3 0:00
M5085,2025.7.3 0:00
M5086,2025.7.2 0:00
M5086,2025.9.15 0:00
M5086,2025.9.15 0:00
M5087,2025.7.2 0:00
M5087,2025.9.15 0:00
M5087,2025.9.15 0:00
M5087,2025.10.31 0:00
M5088,2025.7.23 0:00
M5088,2025.7.28 0:00
M5088,2025.7.28 0:00
M5092,2025.7.23 0:00
M5092,2025.7.28 0:00
M5092,2025.7.28 0:00
M5093,2025.8.4 0:00
M5093,2025.8.5 0:00
M5093,2025.8.5 0:00
M5094,2025.8.4 0:00
M5094,2025.8.5 0:00
M5094,2025.8.5 0:00
M5095,2025.8.4 0:00
M5096,2025.8.5 0:00
M5096,2025.8.6 0:00
M5096,2025.8.6 0:00
M5097,2025.8.5 0:00
M5098,2025.8.5 0:00
M5098,2025.8.7 0:00
M5098,2025.8.7 0:00
M5099,2025.8.6 0:00
M5099,2025.8.7 0:00
M5099,2025.8.7 0:00
M5100,2025.8.6 0:00
M5101,2025.8.6 0:00
M5101,2025.8.7 0:00
M5101,2025.8.7 0:00
M5102,2025.8.22 0:00
M5102,2025.8.26 0:00
M5103,2025.8.22 0:00
M5103,2025.8.27 0:00
M5103,2025.8.27 0:00
M5104,2025.8.27 0:00
M5104,2025.8.25 0:00
M5104,2025.8.27 0:00
M5105,2025.9.4 0:00
M5105,2025.9.5 0:00
M5105,2025.9.5 0:00
M5106,2025.9.4 0:00
M5106,2025.9.5 0:00
M5106,2025.9.5 0:00
M5107,2025.9.15 0:00
M5107,2025.9.17 0:00
M5107,2025.9.17 0:00
M5108,2025.9.15 0:00
M5108,2025.9.17 0:00
M5108,2025.9.17 0:00
M5109,2025.9.16 0:00
M5109,2025.9.18 0:00
M5110,2025.9.16 0:00
M5110,2025.9.17 0:00
M5110,2025.9.17 0:00
M5110,2025.9.18 0:00
M5111,2025.9.18 0:00
M5111,2025.9.22 0:00
M5111,2025.9.22 0:00
M5112,2025.9.19 0:00
M5112,2025.9.22 0:00
M5112,2025.9.22 0:00
M5113,2025.10.10 0:00
M5113,2025.10.13 0:00
M5113,2025.10.13 0:00
M5114,2025.10.10 0:00
M5114,2025.10.14 0:00
M5114,2025.10.13 0:00
M5114,2025.10.13 0:00
M5114,2025.10.14 0:00
M5115,2025.10.13 0:00
M5115,2025.10.14 0:00
M5115,2025.10.14 0:00
M5116,2025.10.13 0:00
M5116,2025.10.14 0:00
M5116,2025.10.14 0:00
M5117,2025.10.14 0:00
M5117,2025.10.15 0:00
M5117,2025.10.15 0:00
M5118,2025.10.20 0:00
M5118,2025.10.21 0:00
M5118,2025.10.21 0:00
M5118,2025.10.21 0:00
M5119,2025.10.29 0:00
M5119,2025.10.30 0:00
M5119,2025.10.30 0:00
M5120,2025.10.30 0:00
M5120,2025.10.31 0:00
M5120,2025.10.31 0:00
M5120,2025.11.3 0:00
M5120,2025.11.3 0:00
M5121,2025.10.31 0:00
M5121,2025.11.3 0:00
M5121,2025.11.3 0:00
M5122,2025.10.30 0:00
M5122,2025.10.31 0:00
M5122,2025.10.31 0:00
M5123,2025.11.3 0:00
M5123,2025.11.4 0:00
M5123,2025.11.4 0:00
M5124,2025.11.3 0:00
M5124,2025.11.4 0:00
M5124,2025.11.4 0:00
M5125,2025.11.4 0:00
M5125,2025.11.5 0:00
M5126,2025.11.4 0:00
M5126,2025.11.5 0:00
M5126,2025.11.5 0:00
M5127,2025.11.5 0:00
M5127,2025.11.6 0:00
M5128,2025.11.5 0:00
M5128,2025.11.6 0:00
M5129,2025.11.6 0:00
M5130,2025.11.7 0:00
M5131,2025.11.7 0:00
M5131,2025.11.10 0:00
M5131,2025.11.10 0:00
M5132,2025.11.7 0:00
M5132,2025.11.10 0:00
M5132,2025.11.10 0:00
M5133,2025.11.10 0:00
M5133,2025.11.11 0:00
M5133,2025.11.11 0:00
M5134,2025.11.11 0:00
M5134,2025.11.12 0:00
M5134,2025.11.12 0:00
M5135,2025.11.11 0:00
M5135,2025.11.12 0:00
M5136,2025.11.11 0:00
M5136,2025.11.12 0:00
M5136,2025.11.12 0:00
M5137,2025.11.12 0:00
M5137,2025.11.13 0:00
M5137,2025.11.13 0:00
M5138,2025.11.12 0:00
M5138,2025.11.13 0:00
M5138,2025.11.13 0:00
M5139,2025.11.12 0:00
M5139,2025.11.13 0:00
M5139,2025.11.13 0:00
M5139,2025.11.19 0:00
M5140,2025.11.13 0:00
M5140,2025.11.19 0:00
M5140,2025.11.19 0:00
M5141,2025.11.21 0:00
M5142,2025.11.21 0:00
M5142,2025.11.26 0:00
M5142,2025.11.26 0:00
M5143,2025.11.26 0:00
M5143,2025.11.28 0:00
M5143,2025.11.28 0:00
M5144,2025.11.26 0:00
M5144,2025.11.28 0:00
M5144,2025.11.28 0:00
M5145,2025.11.28 0:00
M5145,2025.12.9 0:00
M5146,2025.12.4 0:00
M5146,2025.12.5 0:00
M5146,2025.12.5 0:00
M5147,2025.12.4 0:00
M5147,2025.12.5 0:00
M5147,2025.12.5 0:00
M5148,2025.12.16 0:00
M5148,2025.12.18 0:00
M5148,2025.12.18 0:00
M5149,2025.12.16 0:00
M5149,2025.12.18 0:00
M5149,2025.12.18 0:00
M5150,2025.12.16 0:00
M5150,2025.12.19 0:00
M5150,2025.12.18 0:00
M5150,2025.12.18 0:00
M5150,2025.12.19 0:00
M5151,2025.12.17 0:00
M5151,2025.12.19 0:00
M5151,2025.12.19 0:00
M5152,2025.12.17 0:00
M5152,2025.12.19 0:00
M5152,2025.12.19 0:00
M5153,2025.12.17 0:00
M5153,2025.12.19 0:00
M5153,2025.12.19 0:00
M5154,2025.12.18 0:00
M5154,2025.12.19 0:00
M5154,2025.12.19 0:00
M5155,2025.12.18 0:00
M5155,2025.12.22 0:00
M5155,2025.12.22 0:00
M5155,2025.12.19 0:00
M5155,2025.12.19 0:00
M5156,2025.12.18 0:00
M5156,2025.12.22 0:00
M5156,2025.12.22 0:00
M5157,2025.12.19 0:00
M5158,2025.12.17 0:00
M5158,2025.12.18 0:00
M5158,2025.12.18 0:00
M5159,2025.12.17 0:00
M5159,2025.12.18 0:00
M5160,2025.12.19 0:00
M5160,2025.12.22 0:00
M5160,2025.12.22 0:00
M5161,2025.12.22 0:00
M5161,2025.12.23 0:00
M5161,2025.12.23 0:00
M5162,2025.12.22 0:00
M5162,2025.12.23 0:00
M5162,2025.12.23 0:00
M5163,2025.12.22 0:00
M5163,2025.12.23 0:00
M5163,2025.12.23 0:00
M5163,2025.12.23 0:00
M5164,2025.12.23 0:00
M5165,2025.12.24 0:00
M5166,2025.12.24 0:00
N5233,2025.10.31 0:00
S1201,2025.9.2 0:00
S4034,2025.5.2 0:00
S4049,2025.4.4 0:00
S4059,2025.6.2 0:00
S4087,2025.5.14 0:00
S4087,2025.7.1 0:00
S4087,2025.8.6 0:00
S4087,2025.8.6 0:00
S4087,2025.8.27 0:00
S4087,2025.8.28 0:00
S4216,2025.4.4 0:00
S4216,2025.5.14 0:00
S4222,2025.5.12 0:00
S4223,2025.5.8 0:00
S4223,2025.7.1 0:00
S4223,2025.10.1 0:00
S4223,2025.10.1 0:00
S5008,2025.6.5 0:00
S5031,2025.5.2 0:00
S5041,2025.6.26 0:00
S5041,2025.6.26 0:00
S5047,2025.3.10 0:00
S5048,2025.3.11 0:00
S5048,2025.3.25 0:00
S5048,2025.5.30 0:00
S5048,2025.6.2 0:00
S5048,2025.6.2 0:00
S5048,2025.6.23 0:00
S5049,2025.3.11 0:00
S5050,2025.3.14 0:00
S5051,2025.3.17 0:00
S5051,2025.3.31 0:00
S5051,2025.3.31 0:00
S5052,2025.3.18 0:00
S5052,2025.3.24 0:00
S5053,2025.3.18 0:00
S5053,2025.3.24 0:00
S5054,2025.3.18 0:00
S5054,2025.3.31 0:00
S5055,2025.3.19 0:00
S5055,2025.4.15 0:00
S5055,2025.4.15 0:00
S5055,2025.4.16 0:00
S5055,2025.4.16 0:00
S5056,2025.3.24 0:00
S5056,2025.3.26 0:00
S5056,2025.3.25 0:00
S5056,2025.6.2 0:00
S5056,2025.6.4 0:00
S5057,2025.3.24 0:00
S5057,2025.4.30 0:00
S5058,2025.3.25 0:00
S5058,2025.4.10 0:00
S5058,2025.4.10 0:00
S5059,2025.3.25 0:00
S5059,2025.3.31 0:00
S5060,2025.3.25 0:00
S5060,2025.3.27 0:00
S5061,2025.3.25 0:00
S5062,2025.3.28 0:00
S5063,2025.3.31 0:00
S5063,2025.4.2 0:00
S5063,2025.4.2 0:00
S5064,2025.3.31 0:00
S5064,2025.4.2 0:00
S5064,2025.4.2 0:00
S5065,2025.4.1 0:00
S5065,2025.4.2 0:00
S5065,2025.4.2 0:00
S5066,2025.4.1 0:00
S5066,2025.4.3 0:00
S5066,2025.4.3 0:00
S5067,2025.4.2 0:00
S5067,2025.4.3 0:00
S5067,2025.4.3 0:00
S5068,2025.4.3 0:00
S5068,2025.4.4 0:00
S5068,2025.4.3 0:00
S5068,2025.4.3 0:00
S5068,2025.4.4 0:00
S5068,2025.8.6 0:00
S5068,2025.8.28 0:00
S5068,2025.10.16 0:00
S5069,2025.4.3 0:00
S5069,2025.4.4 0:00
S5069,2025.4.4 0:00
S5069,2025.6.5 0:00
S5070,2025.4.7 0:00
S5070,2025.4.11 0:00
S5070,2025.4.10 0:00
S5070,2025.4.11 0:00
S5071,2025.4.8 0:00
S5071,2025.4.10 0:00
S5071,2025.4.10 0:00
S5072,2025.4.8 0:00
S5072,2025.4.11 0:00
S5072,2025.4.10 0:00
S5072,2025.4.11 0:00
S5073,2025.4.11 0:00
S5073,2025.4.14 0:00
S5073,2025.4.14 0:00
S5074,2025.4.17 0:00
S5074,2025.4.17 0:00
S5074,2025.4.18 0:00
S5075,2025.4.17 0:00
S5075,2025.4.18 0:00
S5075,2025.4.18 0:00
S5075,2025.4.21 0:00
S5075,2025.4.21 0:00
S5076,2025.4.21 0:00
S5076,2025.4.24 0:00
S5076,2025.4.28 0:00
S5076,2025.4.29 0:00
S5076,2025.7.1 0:00
S5076,2025.8.7 0:00
S5076,2025.8.28 0:00
S5076,2025.9.30 0:00
S5076,2025.10.28 0:00
S5077,2025.4.24 0:00
S5077,2025.4.30 0:00
S5077,2025.4.30 0:00
S5077,2025.6.4 0:00
S5078,2025.4.25 0:00
S5078,2025.4.30 0:00
S5078,2025.4.30 0:00
S5079,2025.5.2 0:00
S5079,2025.5.13 0:00
S5079,2025.5.13 0:00
S5079,2025.5.14 0:00
S5079,2025.5.14 0:00
S5080,2025.5.7 0:00
S5080,2025.5.13 0:00
S5080,2025.5.13 0:00
S5081,2025.5.12 0:00
S5081,2025.5.12 0:00
S5082,2025.5.12 0:00
S5082,2025.5.12 0:00
S5082,2025.5.12 0:00
S5082,2025.5.13 0:00
S5082,2025.5.13 0:00
S5083,2025.5.14 0:00
S5083,2025.5.15 0:00
S5083,2025.5.14 0:00
S5083,2025.5.15 0:00
S5083,2025.5.14 0:00
S5084,2025.5.15 0:00
S5084,2025.5.15 0:00
S5084,2025.5.15 0:00
S5085,2025.5.19 0:00
S5085,2025.5.20 0:00
S5085,2025.5.20 0:00
S5086,2025.5.19 0:00
S5086,2025.5.20 0:00
S5086,2025.5.20 0:00
S5087,2025.5.23 0:00
S5087,2025.5.26 0:00
S5087,2025.5.26 0:00
S5087,2025.5.27 0:00
S5087,2025.10.2 0:00
S5088,2025.5.26 0:00
S5088,2025.5.27 0:00
S5088,2025.5.27 0:00
S5089,2025.5.27 0:00
S5089,2025.5.28 0:00
S5089,2025.5.28 0:00
S5090,2025.5.27 0:00
S5090,2025.5.28 0:00
S5090,2025.5.28 0:00
S5091,2025.5.27 0:00
S5091,2025.5.28 0:00
S5091,2025.5.28 0:00
S5092,2025.5.29 0:00
S5092,2025.5.28 0:00
S5092,2025.5.28 0:00
S5092,2025.5.28 0:00
S5093,2025.5.28 0:00
S5093,2025.5.29 0:00
S5093,2025.5.29 0:00
S5094,2025.5.28 0:00
S5094,2025.5.29 0:00
S5094,2025.5.29 0:00
S5095,2025.5.28 0:00
S5095,2025.5.30 0:00
S5095,2025.5.30 0:00
S5095,2025.8.7 0:00
S5095,2025.8.7 0:00
S5095,2025.9.4 0:00
S5095,2025.9.30 0:00
S5095,2025.10.1 0:00
S5095,2025.11.12 0:00
S5095,2025.12.22 0:00
S5095,2025.12.22 0:00
S5096,2025.6.2 0:00
S5096,2025.6.9 0:00
S5096,2025.6.9 0:00
S5096,2025.6.16 0:00
S5096,2025.6.16 0:00
S5097,2025.6.10 0:00
S5097,2025.6.11 0:00
S5097,2025.6.17 0:00
S5097,2025.6.23 0:00
S5097,2025.6.23 0:00
S5097 ,2025.6.20 0:00
S5098,2025.6.11 0:00
S5098,2025.6.12 0:00
S5098,2025.6.12 0:00
S5098,2025.6.12 0:00
S5098,2025.6.13 0:00
S5098,2025.6.13 0:00
S5099,2025.6.11 0:00
S5099,2025.6.13 0:00
S5099,2025.6.13 0:00
S5099,2025.7.2 0:00
S5100,2025.6.16 0:00
S5100,2025.6.17 0:00
S5100,2025.6.17 0:00
S5100,2025.6.18 0:00
S5100,2025.6.18 0:00
S5101,2025.6.16 0:00
S5101,2025.6.19 0:00
S5101,2025.6.17 0:00
S5101,2025.6.18 0:00
S5102,2025.6.17 0:00
S5102,2025.6.18 0:00
S5102,2025.6.19 0:00
S5103,2025.6.12 0:00
S5103,2025.6.13 0:00
S5103,2025.6.13 0:00
S5103,2025.7.1 0:00
S5104,2025.6.17 0:00
S5104,2025.6.18 0:00
S5104,2025.6.19 0:00
S5105,2025.6.19 0:00
S5105,2025.6.20 0:00
S5105,2025.6.20 0:00
S5106,2025.6.19 0:00
S5106,2025.6.20 0:00
S5106,2025.6.20 0:00
S5106,2025.6.23 0:00
S5106,2025.6.23 0:00
S5106,2025.7.17 0:00
S5106,2025.7.18 0:00
S5107,2025.6.19 0:00
S5107,2025.6.23 0:00
S5107,2025.6.23 0:00
S5108,2025.6.20 0:00
S5108,2025.6.25 0:00
S5108,2025.6.26 0:00
S5108,2025.6.25 0:00
S5108,2025.6.26 0:00
S5109,2025.6.23 0:00
S5109,2025.6.24 0:00
S5109,2025.6.25 0:00
S5109,2025.6.25 0:00
S5110,2025.6.26 0:00
S5110,2025.6.24 0:00
S5110,2025.6.26 0:00
S5111,2025.6.24 0:00
S5111,2025.6.26 0:00
S5111,2025.6.26 0:00
S5112,2025.6.30 0:00
S5112,2025.6.26 0:00
S5112,2025.6.30 0:00
S5113,2025.6.26 0:00
S5113,2025.6.30 0:00
S5113,2025.6.30 0:00
S5113,2025.10.22 0:00
S5114,2025.6.30 0:00
S5114,2025.7.1 0:00
S5114,2025.6.30 0:00
S5114,2025.7.1 0:00
S5115,2025.7.1 0:00
S5115,2025.7.2 0:00
S5115,2025.7.2 0:00
S5116,2025.7.1 0:00
S5116,2025.7.2 0:00
S5116,2025.7.2 0:00
S5117,2025.7.2 0:00
S5117,2025.7.3 0:00
S5117,2025.7.3 0:00
S5118,2025.7.10 0:00
S5118,2025.7.14 0:00
S5118,2025.7.14 0:00
S5118,2025.8.27 0:00
S5119,2025.7.7 0:00
S5119,2025.7.11 0:00
S5119,2025.7.11 0:00
S5120,2025.7.8 0:00
S5120,2025.7.11 0:00
S5120,2025.7.11 0:00
S5121,2025.7.9 0:00
S5121,2025.7.18 0:00
S5122,2025.7.10 0:00
S5122,2025.7.11 0:00
S5122,2025.7.11 0:00
S5123,2025.7.10 0:00
S5123,2025.7.14 0:00
S5123,2025.7.14 0:00
S5124,2025.7.10 0:00
S5124,2025.7.14 0:00
S5124,2025.7.14 0:00
S5124,2025.7.15 0:00
S5125,2025.7.14 0:00
S5125,2025.7.11 0:00
S5125,2025.7.14 0:00
S5126,2025.7.11 0:00
S5126,2025.7.14 0:00
S5126,2025.7.15 0:00
S5126,2025.10.22 0:00
S5127,2025.7.14 0:00
S5127,2025.7.15 0:00
S5127,2025.7.15 0:00
S5127,2025.7.16 0:00
S5127,2025.7.16 0:00
S5127,2025.8.6 0:00
S5127,2025.9.3 0:00
S5127,2025.10.16 0:00
S5127,2025.12.8 0:00
S5128,2025.7.14 0:00
S5128,2025.7.18 0:00
S5128,2025.7.18 0:00
S5129,2025.7.15 0:00
S5129,2025.7.18 0:00
S5129,2025.7.21 0:00
S5129,2025.7.21 0:00
S5129,2025.10.15 0:00
S5130,2025.7.16 0:00
S5130,2025.7.21 0:00
S5130,2025.7.21 0:00
S5130,2025.10.16 0:00
S5131,2025.7.16 0:00
S5131,2025.7.24 0:00
S5131,2025.7.24 0:00
S5131,2025.7.25 0:00
S5131,2025.9.3 0:00
S5131,2025.9.4 0:00
S5131,2025.10.23 0:00
S5131,2025.11.3 0:00
S5132,2025.7.18 0:00
S5132,2025.7.24 0:00
S5132,2025.7.24 0:00
S5132,2025.7.25 0:00
S5132,2025.7.25 0:00
S5133,2025.7.23 0:00
S5133,2025.7.25 0:00
S5133,2025.7.25 0:00
S5134,2025.7.22 0:00
S5134,2025.7.25 0:00
S5134,2025.7.25 0:00
S5135,2025.7.22 0:00
S5135,2025.7.28 0:00
S5135,2025.7.28 0:00
S5135,2025.8.11 0:00
S5135,2025.10.15 0:00
S5136,2025.7.28 0:00
S5136,2025.8.4 0:00
S5136,2025.8.4 0:00
S5137,2025.7.28 0:00
S5137,2025.8.5 0:00
S5137,2025.8.6 0:00
S5137,2025.8.6 0:00
S5138,2025.7.29 0:00
S5138,2025.8.6 0:00
S5138,2025.8.7 0:00
S5138,2025.8.6 0:00
S5139,2025.8.4 0:00
S5139,2025.8.7 0:00
S5139,2025.8.6 0:00
S5139,2025.8.7 0:00
S5140,2025.8.4 0:00
S5140,2025.8.7 0:00
S5140,2025.8.7 0:00
S5140,2025.8.8 0:00
S5141,2025.8.5 0:00
S5141,2025.8.7 0:00
S5141,2025.8.8 0:00
S5141,2025.8.8 0:00
S5142,2025.7.29 0:00
S5142,2025.8.4 0:00
S5142,2025.8.4 0:00
S5142,2025.8.28 0:00
S5143,2025.8.7 0:00
S5143,2025.8.8 0:00
S5143,2025.8.11 0:00
S5143,2025.8.8 0:00
S5143,2025.8.11 0:00
S5143,2025.11.10 0:00
S5144,2025.8.8 0:00
S5144,2025.8.11 0:00
S5144,2025.8.11 0:00
S5145,2025.8.11 0:00
S5145,2025.8.12 0:00
S5145,2025.8.12 0:00
S5148,2025.8.11 0:00
S5148,2025.8.12 0:00
S5149,2025.8.12 0:00
S5149,2025.8.13 0:00
S5149,2025.8.13 0:00
S5149,2025.9.10 0:00
S5149,2025.9.10 0:00
S5150,2025.6.19 0:00
S5150,2025.8.13 0:00
S5150,2025.8.13 0:00
S5150,2025.8.14 0:00
S5150,2025.8.13 0:00
S5151,2025.8.12 0:00
S5151,2025.8.13 0:00
S5151,2025.8.13 0:00
S5152,2025.8.14 0:00
S5152,2025.8.18 0:00
S5152,2025.9.11 0:00
S5152,2025.10.2 0:00
S5152,2025.10.13 0:00
S5152,2025.10.13 0:00
S5153,2025.8.14 0:00
S5153,2025.8.21 0:00
S5153,2025.8.18 0:00
S5153,2025.8.21 0:00
S5154,2025.8.18 0:00
S5154,2025.8.19 0:00
S5154,2025.8.19 0:00
S5155,2025.8.18 0:00
S5155,2025.8.19 0:00
S5155,2025.8.19 0:00
S5155,2025.8.20 0:00
S5155,2025.8.20 0:00
S5155,2025.10.16 0:00
S5156,2025.8.19 0:00
S5156,2025.8.22 0:00
S5156,2025.8.22 0:00
S5157,2025.8.20 0:00
S5157,2025.8.22 0:00
S5157,2025.8.22 0:00
S5158,2025.8.21 0:00
S5158,2025.8.22 0:00
S5158,2025.8.22 0:00
S5158,2025.9.2 0:00
S5158,2025.9.2 0:00
S5159,2025.8.22 0:00
S5159,2025.8.25 0:00
S5159,2025.8.25 0:00
S5159,2025.8.26 0:00
S5159,2025.8.26 0:00
S5159,2025.12.23 0:00
S5160,2025.8.22 0:00
S5160,2025.8.27 0:00
S5160,2025.8.27 0:00
S5160,2025.9.2 0:00
S5161,2025.8.25 0:00
S5161,2025.8.29 0:00
S5161,2025.9.1 0:00
S5161,2025.9.1 0:00
S5161,2025.8.29 0:00
S5162,2025.8.26 0:00
S5162,2025.9.1 0:00
S5162,2025.9.1 0:00
S5163,2025.8.27 0:00
S5163,2025.9.1 0:00
S5163,2025.9.1 0:00
S5163,2025.9.2 0:00
S5163,2025.9.2 0:00
S5164,2025.8.28 0:00
S5164,2025.9.2 0:00
S5164,2025.9.2 0:00
S5165,2025.8.29 0:00
S5165,2025.9.2 0:00
S5165,2025.9.2 0:00
S5166,2025.9.1 0:00
S5166,2025.9.2 0:00
S5166,2025.9.2 0:00
S5166,2025.9.3 0:00
S5166,2025.9.3 0:00
S5167,2025.9.2 0:00
S5167,2025.9.12 0:00
S5167,2025.9.12 0:00
S5167,2025.12.22 0:00
S5168,2025.9.3 0:00
S5168,2025.9.9 0:00
S5168,2025.9.9 0:00
S5168,2025.10.14 0:00
S5168,2025.10.15 0:00
S5169,2025.9.4 0:00
S5169,2025.9.8 0:00
S5169,2025.9.8 0:00
S5169,2025.9.9 0:00
S5169,2025.9.9 0:00
S5169,2025.9.24 0:00
S5169,2025.10.15 0:00
S5170,2025.9.5 0:00
S5170,2025.9.11 0:00
S5170,2025.9.11 0:00
S5171,2025.7.18 0:00
S5171,2025.9.5 0:00
S5171,2025.9.10 0:00
S5171,2025.9.10 0:00
S5171,2025.10.14 0:00
S5171,2025.10.15 0:00
S5172,2025.9.8 0:00
S5172,2025.9.11 0:00
S5172,2025.9.11 0:00
S5173,2025.9.8 0:00
S5173,2025.9.11 0:00
S5173,2025.9.12 0:00
S5173,2025.9.12 0:00
S5173,2025.9.11 0:00
S5174,2025.9.8 0:00
S5174,2025.9.12 0:00
S5174,2025.9.12 0:00
S5174,2025.10.23 0:00
S5175,2025.9.8 0:00
S5175,2025.9.19 0:00
S5175,2025.9.17 0:00
S5176,2025.9.9 0:00
S5176,2025.9.19 0:00
S5176,2025.9.17 0:00
S5177,2025.9.17 0:00
S5177,2025.9.9 0:00
S5178,2025.9.10 0:00
S5178,2025.9.19 0:00
S5178,2025.9.18 0:00
S5179,2025.9.10 0:00
S5179,2025.9.19 0:00
S5179,2025.9.18 0:00
S5180,2025.9.11 0:00
S5180,2025.9.16 0:00
S5180,2025.9.16 0:00
S5181,2025.9.12 0:00
S5181,2025.9.16 0:00
S5181,2025.9.16 0:00
S5182,2025.9.15 0:00
S5182,2025.9.16 0:00
S5182,2025.9.16 0:00
S5184,2025.9.17 0:00
S5184,2025.9.18 0:00
S5184,2025.9.18 0:00
S5184,2025.9.19 0:00
S5185,2025.9.18 0:00
S5185,2025.9.19 0:00
S5185,2025.9.19 0:00
S5185,2025.9.22 0:00
S5186,2025.9.19 0:00
S5186,2025.9.22 0:00
S5186,2025.9.19 0:00
S5186,2025.9.23 0:00
S5186,2025.9.22 0:00
S5187,2025.9.17 0:00
S5187,2025.9.19 0:00
S5187,2025.9.19 0:00
S5188,2025.9.22 0:00
S5188,2025.9.22 0:00
S5188,2025.9.23 0:00
S5188,2025.9.23 0:00
S5188,2025.9.24 0:00
S5189,2025.9.23 0:00
S5189,2025.9.26 0:00
S5189,2025.9.29 0:00
S5190,2025.9.24 0:00
S5190,2025.9.24 0:00
S5190,2025.9.24 0:00
S5190,2025.9.24 0:00
S5191,2025.10.1 0:00
S5191,2025.10.2 0:00
S5191,2025.10.2 0:00
S5191,2025.10.16 0:00
S5191,2025.12.9 0:00
S5192,2025.10.15 0:00
S5192,2025.10.16 0:00
S5192,2025.10.17 0:00
S5192,2025.10.17 0:00
S5193,2025.10.17 0:00
S5193,2025.10.17 0:00
S5194,2025.10.16 0:00
S5194,2025.10.17 0:00
S5194,2025.10.17 0:00
S5194,2025.10.17 0:00
S5195,2025.8.21 0:00
S5195,2025.10.14 0:00
S5195,2025.10.15 0:00
S5195,2025.10.15 0:00
S5196,2025.10.15 0:00
S5196,2025.10.16 0:00
S5196,2025.10.16 0:00
S5197,2025.10.17 0:00
S5197,2025.10.20 0:00
S5197,2025.10.20 0:00
S5197,2025.11.13 0:00
S5197,2025.11.13 0:00
S5198,2025.10.17 0:00
S5198,2025.10.21 0:00
S5198,2025.10.22 0:00
S5198,2025.10.22 0:00
S5199,2025.10.30 0:00
S5199,2025.10.20 0:00
S5199,2025.10.21 0:00
S5199,2025.10.21 0:00
S5199,2025.10.30 0:00
S5199,2025.10.30 0:00
S5200,2025.10.24 0:00
S5200,2025.10.28 0:00
S5200,2025.10.29 0:00
S5200,2025.10.28 0:00
S5200,2025.10.29 0:00
S5201,2025.10.24 0:00
S5201,2025.10.30 0:00
S5201,2025.10.30 0:00
S5202,2025.10.28 0:00
S5202,2025.10.30 0:00
S5203,2025.11.4 0:00
S5203,2025.11.5 0:00
S5203,2025.11.5 0:00
S5204,2025.10.29 0:00
S5204,2025.10.30 0:00
S5204,2025.10.31 0:00
S5204,2025.10.31 0:00
S5205,2025.10.30 0:00
S5205,2025.10.31 0:00
S5205,2025.10.31 0:00
S5206,2025.10.31 0:00
S5206,2025.10.31 0:00
S5206,2025.10.31 0:00
S5207,2025.11.3 0:00
S5207,2025.11.4 0:00
S5207,2025.11.4 0:00
S5208,2025.11.12 0:00
S5208,2025.11.13 0:00
S5208,2025.11.13 0:00
S5209,2025.11.13 0:00
S5209,2025.11.17 0:00
S5209,2025.11.17 0:00
S5210,2025.11.14 0:00
S5210,2025.11.17 0:00
S5210,2025.11.17 0:00
S5211,2025.11.14 0:00
S5211,2025.11.17 0:00
S5211,2025.11.17 0:00
S5212,2025.11.17 0:00
S5212,2025.11.18 0:00
S5212,2025.11.18 0:00
S5213,2025.11.18 0:00
S5213,2025.11.18 0:00
S5213,2025.11.18 0:00
S5214,2025.11.20 0:00
S5214,2025.11.21 0:00
S5214,2025.11.24 0:00
S5214,2025.11.24 0:00
S5214,2025.11.25 0:00
S5215,2025.11.20 0:00
S5215,2025.12.3 0:00
S5215,2025.12.9 0:00
S5215,2025.12.10 0:00
S5216,2025.11.21 0:00
S5216,2025.11.27 0:00
S5216,2025.11.26 0:00
S5216,2025.11.28 0:00
S5217,2025.11.24 0:00
S5217,2025.11.26 0:00
S5217,2025.11.27 0:00
S5217,2025.12.1 0:00
S5217,2025.11.28 0:00
S5217,2025.12.2 0:00
S5218,2025.11.25 0:00
S5218,2025.12.1 0:00
S5218,2025.12.3 0:00
S5218,2025.12.2 0:00
S5219,2025.11.26 0:00
S5219,2025.12.2 0:00
S5219,2025.12.2 0:00
S5219,2025.12.3 0:00
S5220,2025.11.27 0:00
S5220,2025.12.2 0:00
S5220,2025.12.4 0:00
S5221,2025.11.27 0:00
S5221,2025.12.4 0:00
S5221,2025.12.5 0:00
S5222,2025.11.28 0:00
S5222,2025.12.4 0:00
S5222,2025.12.5 0:00
S5222,2025.12.4 0:00
S5223,2025.11.21 0:00
S5223,2025.12.3 0:00
S5223,2025.12.9 0:00
S5223,2025.12.10 0:00
S5224,2025.11.24 0:00
S5224,2025.12.3 0:00
S5224,2025.12.8 0:00
S5224,2025.12.9 0:00
S5224,2025.12.10 0:00
S5225,2025.11.28 0:00
S5225,2025.12.8 0:00
S5225,2025.12.9 0:00
S5225,2025.12.9 0:00
S5226,2025.12.1 0:00
S5226,2025.12.3 0:00
S5226,2025.12.3 0:00
S5226,2025.12.4 0:00
S5226,2025.12.5 0:00
S5227,2025.12.18 0:00
S5227,2025.12.1 0:00
S5227,2025.12.18 0:00
S5228,2025.12.10 0:00
S5228,2025.12.12 0:00
S5228,2025.12.12 0:00
S5229,2025.12.11 0:00
S5229,2025.12.17 0:00
S5229,2025.12.17 0:00
S5230,2025.12.15 0:00
S5230,2025.12.17 0:00
S5230,2025.12.17 0:00
S5230,2025.12.18 0:00
S5230,2025.12.18 0:00
S5231,2025.12.16 0:00
S5231,2025.12.17 0:00
S5231,2025.12.17 0:00
S5232,2025.12.16 0:00
S5232,2025.12.18 0:00
S5232,2025.12.18 0:00
S5233,2025.12.19 0:00
S5233,2025.12.23 0:00
S5234,2025.12.23 0:00
YA001,2025.4.4 0:00
YA001,2025.4.7 0:00
YA001,2025.4.7 0:00
YA001,2025.7.1 0:00
YA001,2025.7.8 0:00
YA001,2025.7.21 0:00
YA001,2025.9.4 0:00
YA001,2025.9.4 0:00