lot_number,manufacturing_date
B5113,2025-06-13
B5094,2025-05-21
B5290,2025-11-19
C5094,2025-05-15
C5150,2025-06-13
S5071,2025-04-11
S5074,2025-04-18
A10Y01,2025-06-05
B3370,2025-05-08
B3370,2025-05-09
B3370,2025-05-12
B3370,2025-05-13
B3370,2025-06-02
B3370,2025-06-04
B4004,2025-05-27
B4004,2025-06-17
B4019,2025-05-27
B4110,2025-05-15
B4115,2025-05-27
B4217,2025-06-02
B4217,2025-08-06
B4217,2025-10-16
B4224,2025-05-15
B4224,2025-05-27
B4247,2025-05-02
B4256,2025-08-07
B4256,2025-10-28
B4256,2025-11-12
B4257,2025-08-07
B4257,2025-11-12
B4260,2025-05-08
B4260,2025-08-07
B4260,2025-11-12
B4261,2025-05-14
B4261,2025-08-07
B4261,2025-10-28
B4261,2025-11-12
B4262,2025-10-23
B5008,2025-05-02
B5008,2025-06-02
B5008,2025-08-06
B5019,2025-08-07
B5023,2025-04-08
B5024,2025-03-28
B5024,2025-03-26
B5026,2025-04-07
B5028,2025-03-11
B5029,2025-03-11
B5029,2025-03-26
B5030,2025-03-10
B5031,2025-03-10
B5031,2025-03-26
B5032,2025-03-12
B5033,2025-03-12
B5034,2025-03-14
B5034,2025-03-20
B5035,2025-03-14
B5035,2025-06-04
B5035,2025-07-01
B5035,2025-08-11
B5035,2025-08-12
B5036,2025-03-18
B5036,2025-03-20
B5037,2025-03-14
B5038,2025-03-17
B5038,2025-03-20
B5039,2025-03-17
B5039,2025-03-20
B5040,2025-03-25
B5041,2025-03-24
B5041,2025-03-18
B5042,2025-03-19
B5042,2025-03-20
B5043,2025-03-19
B5043,2025-03-25
B5043,2025-10-28
B5044,2025-03-20
B5044,2025-03-27
B5044,2025-05-14
B5044,2025-06-05
B5044,2025-07-01
B5044,2025-08-05
B5044,2025-08-06
B5044,2025-08-28
B5045,2025-03-20
B5045,2025-03-28
B5045,2025-03-25
B5045,2025-03-26
B5045,2025-05-19
B5045,2025-08-06
B5045,2025-08-28
B5045,2025-10-01
B5046,2025-03-20
B5047,2025-03-21
B5047,2025-03-27
B5048,2025-03-21
B5048,2025-04-04
B5048,2025-04-07
B5049,2025-03-21
B5049,2025-03-28
B5050,2025-03-26
B5050,2025-04-07
B5051,2025-03-26
B5051,2025-04-07
B5052,2025-03-27
B5052,2025-03-31
B5052,2025-04-03
B5052,2025-04-07
B5052,2025-04-08
B5052,2025-07-04
B5052,2025-08-07
B5052,2025-09-04
B5053,2025-03-27
B5053,2025-03-28
B5054,2025-03-28
B5054,2025-03-27
B5055,2025-03-28
B5055,2025-04-07
B5056,2025-04-01
B5056,2025-04-09
B5057,2025-04-01
B5057,2025-04-09
B5058,2025-03-31
B5058,2025-04-07
B5058,2025-04-08
B5059,2025-03-31
B5059,2025-04-17
B5060,2025-04-09
B5060,2025-04-02
B5061,2025-04-02
B5061,2025-04-09
B5062,2025-04-03
B5062,2025-04-04
B5062,2025-04-10
B5063,2025-04-03
B5063,2025-04-09
B5063,2025-04-10
B5064,2025-04-04
B5064,2025-04-17
B5064,2025-04-09
B5064,2025-04-11
B5065,2025-04-04
B5065,2025-04-07
B5066,2025-04-14
B5066,2025-04-21
B5067,2025-04-11
B5067,2025-04-22
B5067,2025-05-08
B5067,2025-05-09
B5068,2025-04-11
B5068,2025-05-14
B5069,2025-04-15
B5070,2025-04-16
B5070,2025-04-24
B5070,2025-04-29
B5070,2025-07-04
B5070,2025-09-04
B5071,2025-04-21
B5071,2025-04-22
B5072,2025-04-22
B5072,2025-04-29
B5072,2025-09-04
B5072,2025-11-12
B5074,2025-04-22
B5074,2025-04-29
B5075,2025-04-23
B5075,2025-04-29
B5075,2025-04-30
B5076,2025-04-23
B5076,2025-04-28
B5076,2025-04-30
B5077,2025-04-23
B5077,2025-05-07
B5078,2025-04-23
B5078,2025-05-07
B5079,2025-04-24
B5079,2025-05-07
B5080,2025-04-24
B5080,2025-05-08
B5081,2025-04-25
B5081,2025-05-08
B5082,2025-04-25
B5082,2025-05-08
B5083,2025-04-30
B5083,2025-04-29
B5083,2025-05-02
B5084,2025-04-28
B5084,2025-05-02
B5085,2025-05-02
B5086,2025-05-07
B5086,2025-05-09
B5086,2025-10-23
B5087,2025-05-08
B5087,2025-05-09
B5087,2025-05-19
B5087,2025-10-22
B5088,2025-05-12
B5088,2025-05-13
B5089,2025-05-12
B5089,2025-05-13
B5089,2025-10-22
B5090,2025-05-12
B5091,2025-05-13
B5091,2025-05-21
B5092,2025-05-13
B5092,2025-05-21
B5093,2025-05-14
B5093,2025-05-15
B5094,2025-05-15
B5094,2025-05-16
B5094,2025-05-22
B5094,2025-05-23
B5094,2025-05-26
B5095,2025-05-15
B5095,2025-05-16
B5095,2025-05-19
B5096,2025-05-19
B5096,2025-05-21
B5096,2025-05-22
B5097,2025-05-21
B5097,2025-05-22
B5098,2025-05-27
B5098,2025-06-09
B5099,2025-05-27
B5099,2025-06-09
B5100,2025-05-26
B5100,2025-05-30
B5101,2025-05-26
B5101,2025-05-30
B5102,2025-06-02
B5102,2025-05-29
B5103,2025-06-02
B5103,2025-06-09
B5103,2025-06-05
B5103,2025-06-10
B5104,2025-06-02
B5104,2025-06-10
B5105,2025-06-04
B5105,2025-06-11
B5106,2025-06-04
B5106,2025-06-12
B5107,2025-06-05
B5107,2025-06-09
B5107,2025-06-10
B5107,2025-10-01
B5108,2025-06-04
B5108,2025-07-01
B5109,2025-06-09
B5109,2025-06-10
B5109,2025-06-11
B5110,2025-06-10
B5110,2025-06-09
B5111,2025-06-11
B5111,2025-06-16
B5112,2025-06-11
B5113,2025-06-12
B5113,2025-06-16
B5113,2025-06-25
B5114,2025-06-13
B5114,2025-06-20
B5115,2025-06-13
B5115,2025-06-19
B5115,2025-06-20
B5116,2025-06-16
B5116,2025-06-19
B5116,2025-06-25
B5116,2025-06-27
B5117,2025-06-18
B5117,2025-06-26
B5117,2025-10-01
B5117,2025-11-17
B5118,2025-06-18
B5118,2025-06-19
B5119,2025-06-19
B5119,2025-06-23
B5119,2025-09-12
B5119,2025-09-15
B5120,2025-06-19
B5120,2025-06-25
B5121,2025-06-20
B5121,2025-06-24
B5121,2025-06-27
B5122,2025-06-20
B5122,2025-06-26
B5123,2025-06-23
B5123,2025-06-26
B5124,2025-06-23
B5124,2025-07-04
B5125,2025-06-23
B5126,2025-06-25
B5126,2025-06-30
B5127,2025-06-26
B5127,2025-06-27
B5128,2025-06-30
B5128,2025-07-04
B5129,2025-06-30
B5129,2025-07-04
B5130,2025-07-03
B5130,2025-07-04
B5131,2025-07-03
B5131,2025-07-07
B5132,2025-07-04
B5132,2025-07-07
B5132,2025-10-15
B5132,2025-12-11
B5133,2025-07-07
B5133,2025-07-09
B5133,2025-07-08
B5134,2025-07-03
B5134,2025-07-08
B5135,2025-07-07
B5135,2025-07-15
B5136,2025-07-08
B5136,2025-07-15
B5136,2025-07-09
B5137,2025-07-08
B5138,2025-07-08
B5138,2025-07-09
B5138,2025-07-10
B5138,2025-07-11
B5139,2025-07-08
B5139,2025-07-10
B5139,2025-07-11
B5139,2025-07-14
B5140,2025-07-09
B5140,2025-07-10
B5140,2025-07-11
B5141,2025-07-18
B5141,2025-07-22
B5142,2025-07-18
B5142,2025-07-22
B5143,2025-07-15
B5143,2025-07-16
B5144,2025-07-15
B5144,2025-07-16
B5145,2025-07-16
B5145,2025-07-17
B5146,2025-07-16
B5146,2025-07-28
B5147,2025-07-17
B5147,2025-07-22
B5147,2025-08-06
B5148,2025-07-17
B5148,2025-07-23
B5148,2025-09-16
B5149,2025-07-21
B5149,2025-07-22
B5150,2025-07-21
B5150,2025-07-23
B5150,2025-07-25
B5150,2025-07-29
B5151,2025-07-22
B5151,2025-07-23
B5151,2025-07-24
B5152,2025-07-24
B5152,2025-07-29
B5152,2025-08-04
B5153,2025-07-25
B5153,2025-08-04
B5153,2025-08-05
B5154,2025-07-25
B5154,2025-08-04
B5155,2025-07-29
B5155,2025-08-05
B5156,2025-07-29
B5156,2025-08-05
B5157,2025-07-29
B5157,2025-08-04
B5157,2025-08-05
B5157,2025-11-12
B5158,2025-08-05
B5158,2025-08-08
B5159,2025-08-05
B5159,2025-08-08
B5159,2025-08-11
B5160,2025-08-04
B5160,2025-09-30
B5160,2025-11-06
B5160,2025-08-28
B5161,2025-08-07
B5161,2025-08-11
B5162,2025-08-08
B5162,2025-08-12
B5162,2025-09-30
B5162,2025-10-01
B5163,2025-08-11
B5163,2025-08-12
B5163,2025-08-13
B5164,2025-08-13
B5164,2025-08-14
B5164,2025-12-05
B5165,2025-08-13
B5165,2025-08-14
B5166,2025-08-19
B5166,2025-08-20
B5167,2025-08-22
B5167,2025-08-25
B5167,2025-08-28
B5168,2025-08-20
B5168,2025-08-26
B5169,2025-08-21
B5170,2025-08-21
B5171,2025-08-22
B5171,2025-08-27
B5171,2025-08-26
B5171/72,2025-08-26
B5172,2025-08-22
B5173,2025-08-25
B5173,2025-08-28
B5174,2025-08-25
B5174,2025-08-28
B5199,2025-08-25
B5199,2025-08-29
B5199,2025-09-03
B5199,2025-09-30
B5199,2025-10-27
B5200,2025-08-26
B5201,2025-08-26
B5201,2025-08-27
B5201,2025-08-28
B5202,2025-08-27
B5202,2025-08-29
B5203,2025-08-27
B5203,2025-08-29
B5203,2025-09-03
B5204,2025-08-28
B5204,2025-09-01
B5204,2025-11-12
B5205,2025-09-01
B5205,2025-09-03
B5207,2025-08-29
B5207,2025-09-01
B5208,2025-09-02
B5208,2025-09-04
B5208,2025-09-15
B5209,2025-09-02
B5209,2025-09-04
B5209,2025-09-05
B5209,2025-09-17
B5209,2025-09-16
B5210,2025-09-03
B5210,2025-09-05
B5210,2025-09-16
B5211,2025-09-03
B5211,2025-09-08
B5212,2025-09-03
B5212,2025-09-05
B5212,2025-09-08
B5213,2025-09-02
B5214,2025-09-05
B5214,2025-09-08
B5215,2025-09-08
B5215,2025-09-09
B5216,2025-09-05
B5216,2025-09-08
B5217,2025-09-09
B5217,2025-09-10
B5218,2025-09-09
B5218,2025-09-10
B5219,2025-09-11
B5220,2025-09-12
B5220,2025-09-19
B5220,2025-11-05
B5220,2025-11-17
B5221,2025-09-16
B5221,2025-09-23
B5222,2025-09-16
B5222,2025-09-23
B5223,2025-09-17
B5223,2025-09-19
B5223,2025-09-23
B5224,2025-09-17
B5224,2025-09-23
B5225,2025-09-18
B5225,2025-09-23
B5225,2025-09-24
B5226,2025-09-18
B5226,2025-09-24
B5226,2025-09-29
B5227,2025-09-19
B5227,2025-09-29
B5228,2025-09-19
B5228,2025-09-30
B5229,2025-09-22
B5229,2025-09-26
B5229,2025-09-30
B5230,2025-09-22
B5230,2025-09-30
B5231,2025-09-22
B5231,2025-09-24
B5231,2025-09-25
B5232,2025-09-22
B5232,2025-09-25
B5233,2025-09-23
B5233,2025-09-24
B5234,2025-09-23
B5234,2025-09-25
B5234,2025-09-24
B5235,2025-09-24
B5235,2025-09-25
B5236,2025-09-24
B5237,2025-09-25
B5238,2025-09-25
B5238,2025-09-26
B5239,2025-09-25
B5239,2025-09-26
B5239,2025-10-23
B5240,2025-09-26
B5240,2025-09-29
B5241,2025-09-26
B5241,2025-09-29
B5242,2025-09-29
B5242,2025-09-30
B5243,2025-09-30
B5243,2025-10-10
B5243,2025-10-13
B5244,2025-09-30
B5244,2025-10-01
B5245,2025-09-30
B5245,2025-10-01
B5246,2025-09-30
B5246,2025-10-01
B5247,2025-10-01
B5247,2025-10-02
B5248,2025-10-01
B5248,2025-10-02
B5249,2025-10-02
B5249,2025-10-13
B5249,2025-12-01
B5249,2025-12-11
B5249,2025-12-12
B5250,2025-10-13
B5250,2025-10-02
B5251,2025-10-02
B5252,2025-10-10
B5252,2025-10-02
B5252,2025-10-28
B5252,2025-10-29
B5253,2025-10-10
B5253,2025-10-13
B5253,2025-10-14
B5253,2025-11-06
B5254,2025-10-10
B5254,2025-10-13
B5254,2025-10-16
B5255,2025-10-13
B5255,2025-10-14
B5256,2025-10-13
B5256,2025-10-14
B5257,2025-10-14
B5257,2025-10-27
B5258,2025-10-15
B5258,2025-10-27
B5259,2025-10-15
B5259,2025-10-27
B5259,2025-10-24
B5259,2025-11-12
B5260,2025-10-16
B5260,2025-10-17
B5260,2025-10-20
B5261,2025-10-16
B5261,2025-10-17
B5262,2025-10-20
B5262,2025-10-22
B5263,2025-10-20
B5263,2025-10-22
B5263,2025-10-23
B5264,2025-10-21
B5264,2025-10-23
B5265,2025-10-21
B5265,2025-10-23
B5266,2025-10-22
B5266,2025-10-23
B5266,2025-10-24
B5266,2025-10-29
B5267,2025-10-22
B5267,2025-10-27
B5268,2025-10-22
B5268,2025-10-24
B5268,2025-10-27
B5269,2025-08-25
B5269,2025-10-22
B5269,2025-10-23
B5269,2025-10-24
B5270,2025-08-25
B5270,2025-08-26
B5270,2025-10-23
B5270,2025-10-28
B5270,2025-10-29
B5271,2025-10-23
B5271,2025-10-27
B5272,2025-10-23
B5272,2025-10-24
B5273,2025-10-23
B5273,2025-10-27
B5274,2025-10-24
B5274,2025-10-29
B5274,2025-11-11
B5275,2025-10-28
B5275,2025-11-06
B5276,2025-10-27
B5277,2025-10-27
B5278,2025-10-30
B5278,2025-10-31
B5278,2025-11-03
B5278,2025-12-11
B5279,2025-10-30
B5279,2025-10-31
B5280,2025-11-03
B5280,2025-11-04
B5280,2025-11-05
B5281,2025-11-03
B5281,2025-11-04
B5282,2025-11-04
B5282,2025-11-06
B5283,2025-11-05
B5283,2025-11-11
B5284,2025-11-05
B5284,2025-11-11
B5285,2025-11-06
B5285,2025-11-11
B5286,2025-11-06
B5286,2025-11-12
B5286,2025-11-11
B5287,2025-11-10
B5287,2025-11-11
B5288,2025-11-10
B5288,2025-11-18
B5289,2025-11-11
B5289,2025-11-19
B5290,2025-11-11
B5291,2025-11-12
B5291,2025-11-13
B5292,2025-11-13
B5292,2025-11-17
B5293,2025-11-13
B5293,2025-11-17
B5294,2025-11-14
B5294,2025-11-17
B5295,2025-11-14
B5295,2025-11-18
B5296,2025-11-17
B5296,2025-11-19
B5297,2025-11-19
B5297,2025-11-21
B5298,2025-11-19
B5298,2025-11-21
B5299,2025-11-20
B5299,2025-11-21
B5300,2025-11-24
B5300,2025-11-25
B5301,2025-11-24
B5301,2025-11-26
B5302,2025-11-27
B5302,2025-12-02
B5303,2025-11-26
B5303,2025-11-27
B5304,2025-11-26
B5304,2025-11-27
B5305,2025-11-27
B5305,2025-11-28
B5306,2025-11-28
B5306,2025-12-16
B5307,2025-12-01
B5307,2025-12-04
B5308,2025-12-01
B5308,2025-12-08
B5309,2025-12-02
B5309,2025-12-04
B5310,2025-12-02
B5310,2025-12-05
B5310,2025-12-11
B5311,2025-12-02
B5311,2025-12-10
B5312,2025-12-02
B5312,2025-12-10
B5313,2025-12-02
B5313,2025-12-11
B5314,2025-12-03
B5314,2025-12-11
B5315,2025-12-03
B5315,2025-12-08
B5316,2025-12-04
B5316,2025-12-09
B5317,2025-12-15
B5317,2025-12-16
B5318,2025-12-15
B5318,2025-12-16
B5318,2025-12-17
B5319,2025-12-24
B5320,2025-12-18
B5321,2025-12-19
B5322,2025-12-24
B6130,2025-07-04
C2535,2025-11-14
C3081,2025-06-11
C3081,2025-06-12
C4070,2025-04-04
C4071,2025-04-04
C4071,2025-07-01
C4104,2025-07-02
C4118,2025-05-14
C4118,2025-10-13
C4118,2025-11-13
C4177,2025-05-19
C4177,2025-06-05
C4196,2025-07-04
C4202,2025-05-14
C4223,2025-10-23
C4224,2025-07-07
C4225,2025-05-14
C4237,2025-03-25
C5004,2025-06-02
C5016,2025-04-18
C5016,2025-08-07
C5019,2025-05-12
C5020,2025-07-02
C5020,2025-07-03
C5021,2025-05-19
C5021,2025-06-02
C5021,2025-07-08
C5021,2025-10-02
C5022,2025-06-04
C5024,2025-10-22
C5024,2025-11-13
C5026,2025-05-13
C5026,2025-05-14
C5027,2025-04-07
C5027,2025-07-08
C5041,2025-05-26
C5041,2025-05-27
C5049,2025-07-01
C5049,2025-09-04
C5050,2025-04-08
C5050,2025-04-23
C5051,2025-04-23
C5054,2025-05-15
C5054,2025-07-02
C5060,2025-04-03
C5068,2025-04-03
C5073,2025-04-09
C5073,2025-05-13
C5074,2025-03-11
C5074,2025-05-20
C5074,2025-07-08
C5074,2025-10-16
C5075,2025-03-12
C5076,2025-03-12
C5077,2025-03-14
C5078,2025-03-17
C5078,2025-04-29
C5078,2025-04-30
C5078,2025-05-02
C5078,2025-05-07
C5079,2025-03-19
C5079,2025-03-20
C5079,2025-03-21
C5080,2025-03-19
C5080,2025-03-20
C5080,2025-03-21
C5081,2025-03-20
C5081,2025-03-21
C5081,2025-03-25
C5082,2025-03-20
C5082,2025-04-03
C5082,2025-04-04
C5082,2025-04-08
C5082,2025-05-14
C5082,2025-07-03
C5083,2025-03-21
C5083,2025-03-24
C5083,2025-03-26
C5084,2025-03-21
C5084,2025-03-25
C5084,2025-03-31
C5085,2025-03-26
C5085,2025-03-28
C5085,2025-06-05
C5085,2025-10-16
C5086,2025-03-28
C5086,2025-04-01
C5086,2025-04-02
C5086,2025-05-27
C5087,2025-03-28
C5087,2025-03-31
C5087,2025-05-19
C5087,2025-07-02
C5087,2025-07-07
C5088,2025-04-02
C5088,2025-04-03
C5088,2025-04-04
C5088,2025-05-08
C5088,2025-06-05
C5089,2025-04-04
C5089,2025-04-07
C5089,2025-04-10
C5089,2025-04-03
C5089,2025-04-08
C5089,2025-04-11
C5089,2025-04-09
C5089,2025-04-14
C5089,2025-04-16
C5090,2025-04-04
C5090,2025-04-03
C5090,2025-04-08
C5090,2025-04-09
C5090,2025-04-10
C5090,2025-04-11
C5090,2025-04-15
C5090,2025-04-16
C5090,2025-07-01
C5090,2025-07-02
C5090,2025-08-19
C5090,2025-08-28
C5090,2025-10-02
C5091,2025-04-08
C5091,2025-04-11
C5091,2025-04-14
C5091,2025-04-25
C5091,2025-04-28
C5091,2025-08-19
C5092,2025-04-15
C5092,2025-04-10
C5092,2025-04-16
C5092,2025-04-17
C5093,2025-05-16
C5093,2025-05-19
C5094,2025-04-09
C5094,2025-04-10
C5094,2025-04-14
C5094,2025-04-18
C5094,2025-05-16
C5096,2025-04-14
C5096,2025-04-10
C5096,2025-04-11
C5097,2025-04-11
C5097,2025-04-21
C5097,2025-07-08
C5097,2025-08-07
C5097,2025-09-29
C5097,2025-10-23
C5097,2025-11-06
C5098,2025-04-11
C5098,2025-04-25
C5098,2025-04-15
C5098,2025-05-20
C5098,2025-04-22
C5098,2025-04-28
C5098,2025-05-02
C5098,2025-05-21
C5099,2025-04-14
C5099,2025-04-16
C5099,2025-04-18
C5099,2025-04-21
C5100,2025-04-14
C5100,2025-04-17
C5100,2025-04-22
C5101,2025-04-14
C5101,2025-04-28
C5102,2025-04-15
C5102,2025-05-16
C5102,2025-05-19
C5102,2025-05-20
C5102,2025-05-21
C5102,2025-07-03
C5102,2025-07-08
C5102,2025-08-13
C5102,2025-08-14
C5102,2025-08-28
C5103,2025-04-15
C5103,2025-04-17
C5103,2025-04-21
C5103,2025-04-30
C5104,2025-04-18
C5104,2025-04-15
C5104,2025-04-22
C5105,2025-04-16
C5105,2025-04-17
C5105,2025-06-05
C5106,2025-04-16
C5106,2025-04-23
C5107,2025-04-16
C5108,2025-04-17
C5108,2025-04-24
C5108,2025-05-09
C5108,2025-06-05
C5109,2025-04-17
C5109,2025-04-21
C5109,2025-04-23
C5110,2025-04-17
C5110,2025-04-21
C5110,2025-04-22
C5110,2025-04-23
C5110,2025-04-24
C5111,2025-04-18
C5111,2025-04-22
C5111,2025-05-07
C5112,2025-04-18
C5112,2025-04-23
C5112,2025-04-25
C5112,2025-05-02
C5112,2025-08-11
C5113,2025-04-21
C5113,2025-05-29
C5113,2025-05-21
C5113,2025-05-22
C5113,2025-05-30
C5113,2025-08-11
C5113,2025-08-27
C5114,2025-04-22
C5114,2025-04-25
C5114,2025-04-30
C5115,2025-04-22
C5115,2025-04-28
C5115,2025-05-02
C5116,2025-04-24
C5116,2025-04-28
C5117,2025-05-02
C5117,2025-04-30
C5117,2025-05-08
C5117,2025-05-09
C5117,2025-05-14
C5117,2025-05-15
C5117,2025-07-03
C5117,2025-08-28
C5117,2025-10-01
C5117,2025-10-28
C5118,2025-05-07
C5118,2025-05-08
C5118,2025-05-09
C5118,2025-05-12
C5119,2025-05-08
C5119,2025-05-09
C5119,2025-05-14
C5119,2025-05-13
C5120,2025-05-08
C5120,2025-05-09
C5120,2025-05-14
C5121,2025-05-09
C5121,2025-05-12
C5121,2025-05-15
C5122,2025-05-09
C5122,2025-05-14
C5123,2025-05-09
C5123,2025-05-13
C5123,2025-05-28
C5123,2025-05-27
C5123,2025-05-29
C5123,2025-07-15
C5124,2025-05-09
C5124,2025-05-12
C5124,2025-05-15
C5124,2025-05-16
C5125,2025-05-19
C5125,2025-05-12
C5125,2025-05-14
C5125,2025-05-15
C5125,2025-05-16
C5126,2025-05-13
C5127,2025-05-13
C5129,2025-05-14
C5129,2025-05-20
C5129,2025-05-21
C5129,2025-07-01
C5130,2025-05-14
C5130,2025-05-15
C5130,2025-06-05
C5130,2025-06-09
C5130,2025-09-16
C5131,2025-05-16
C5131,2025-05-21
C5131,2025-05-20
C5131,2025-05-22
C5131,2025-06-25
C5131,2025-06-26
C5131,2025-07-15
C5132,2025-05-20
C5132,2025-05-26
C5132,2025-05-28
C5132,2025-05-29
C5133,2025-05-20
C5133,2025-05-22
C5133,2025-05-26
C5133,2025-05-27
C5133,2025-07-01
C5134,2025-05-22
C5134,2025-05-23
C5134,2025-05-26
C5134,2025-05-27
C5135,2025-05-22
C5135,2025-05-27
C5135,2025-05-28
C5135,2025-11-06
C5135,2025-12-10
C5136,2025-05-23
C5136,2025-05-26
C5136,2025-05-27
C5136,2025-05-28
C5136,2025-06-02
C5136,2025-07-01
C5137,2025-05-26
C5137,2025-05-27
C5137,2025-07-02
C5138,2025-05-29
C5138,2025-05-30
C5138,2025-06-04
C5138,2025-10-23
C5139,2025-05-29
C5139,2025-06-02
C5139,2025-06-04
C5140,2025-05-30
C5140,2025-06-05
C5140,2025-06-04
C5141,2025-05-30
C5141,2025-06-05
C5141,2025-11-25
C5142,2025-06-09
C5142,2025-06-05
C5142,2025-06-10
C5142,2025-07-18
C5143,2025-06-05
C5143,2025-06-11
C5143,2025-06-09
C5143,2025-06-10
C5144,2025-06-09
C5144,2025-06-10
C5144,2025-06-12
C5145,2025-06-09
C5145,2025-06-10
C5145,2025-06-12
C5146,2025-06-10
C5146,2025-06-11
C5146,2025-06-12
C5146,2025-06-20
C5147,2025-06-10
C5147,2025-06-11
C5147,2025-06-13
C5147,2025-06-16
C5148,2025-06-13
C5148,2025-06-16
C5148,2025-06-17
C5148,2025-06-24
C5148,2025-06-25
C5148,2025-07-02
C5148,2025-07-10
C5148,2025-07-11
C5149,2025-06-13
C5149,2025-06-19
C5149,2025-06-17
C5149,2025-06-23
C5149,2025-06-24
C5149,2025-08-06
C5150,2025-06-12
C5150,2025-06-16
C5150,2025-06-17
C5150,2025-08-28
C5151,2025-06-20
C5151,2025-06-24
C5151,2025-10-20
C5151,2025-11-06
C5152,2025-06-24
C5152,2025-06-25
C5152,2025-06-27
C5152,2025-06-26
C5152,2025-06-30
C5152,2025-09-04
C5152,2025-10-23
C5153,2025-06-30
C5153,2025-07-01
C5153,2025-07-16
C5153,2025-07-17
C5154,2025-07-01
C5154,2025-07-02
C5154,2025-07-04
C5155,2025-07-02
C5155,2025-07-03
C5155,2025-07-04
C5155,2025-07-07
C5155,2025-08-20
C5155,2025-10-22
C5155,2025-11-13
C5156,2025-07-17
C5156,2025-07-15
C5156,2025-07-18
C5156,2025-07-24
C5156,2025-07-25
C5156,2025-08-08
C5156,2025-08-13
C5156,2025-09-04
C5157,2025-07-03
C5158,2025-07-04
C5159,2025-07-04
C5160,2025-07-18
C5160,2025-07-22
C5160,2025-10-23
C5161,2025-07-18
C5161,2025-07-22
C5161,2025-07-23
C5162,2025-07-17
C5162,2025-07-21
C5162,2025-07-22
C5163,2025-07-17
C5163,2025-07-21
C5163,2025-07-23
C5164,2025-07-07
C5164,2025-07-08
C5164,2025-07-09
C5165,2025-07-07
C5165,2025-07-09
C5165,2025-08-27
C5165,2025-10-17
C5165,2025-11-10
C5165,2025-11-11
C5166,2025-07-09
C5166,2025-07-11
C5166,2025-07-14
C5166,2025-07-15
C5167,2025-07-14
C5167,2025-07-16
C5167,2025-07-15
C5167,2025-07-17
C5167,2025-07-29
C5168,2025-07-14
C5168,2025-07-17
C5168,2025-07-18
C5168,2025-07-21
C5168,2025-10-27
C5168,2025-10-28
C5169,2025-07-14
C5169,2025-07-21
C5169,2025-07-28
C5169,2025-07-22
C5169,2025-08-07
C5169,2025-08-28
C5169,2025-09-30
C5169,2025-10-22
C5169,2025-11-05
C5170,2025-07-15
C5170,2025-07-17
C5170,2025-07-21
C5170,2025-08-07
C5170,2025-08-13
C5170,2025-10-22
C5171,2025-07-15
C5171,2025-07-16
C5171,2025-07-21
C5171,2025-08-04
C5171,2025-08-05
C5171,2025-10-15
C5171,2025-11-12
C5172,2025-07-16
C5172,2025-07-21
C5172,2025-07-22
C5172,2025-08-12
C5172,2025-09-29
C5173,2025-07-17
C5173,2025-08-08
C5173,2025-08-11
C5173,2025-08-28
C5173,2025-11-06
C5174,2025-07-21
C5174,2025-07-25
C5174,2025-07-29
C5174,2025-08-04
C5174,2025-09-29
C5174,2025-11-06
C5174,2025-09-30
C5175,2025-07-21
C5175,2025-07-24
C5175,2025-08-06
C5175,2025-09-04
C5176,2025-07-25
C5176,2025-07-29
C5176,2025-07-28
C5176,2025-08-07
C5176,2025-08-28
C5176,2025-09-30
C5176,2025-10-22
C5176,2025-11-05
C5177,2025-07-24
C5177,2025-07-25
C5177,2025-10-22
C5178,2025-07-25
C5178,2025-07-28
C5178,2025-07-29
C5178,2025-10-13
C5179,2025-07-28
C5179,2025-08-04
C5179,2025-07-29
C5179,2025-10-28
C5179,2025-11-18
C5179,2025-11-19
C5180,2025-08-07
C5180,2025-08-11
C5180,2025-08-12
C5180,2025-08-13
C5181,2025-08-08
C5181,2025-08-11
C5181,2025-08-13
C5181,2025-08-14
C5182,2025-08-11
C5182,2025-08-14
C5182,2025-09-08
C5182,2025-09-04
C5182,2025-09-11
C5182,2025-11-03
C5182,2025-09-10
C5183,2025-08-12
C5183,2025-09-08
C5183,2025-09-09
C5184,2025-08-08
C5184,2025-08-12
C5184,2025-08-14
C5184,2025-08-18
C5184,2025-08-19
C5184,2025-10-23
C5184,2025-11-12
C5185,2025-08-08
C5185,2025-08-12
C5185,2025-08-19
C5186,2025-08-11
C5186,2025-08-14
C5186,2025-08-18
C5187,2025-08-12
C5187,2025-08-20
C5187,2025-08-21
C5187,2025-08-22
C5188,2025-08-12
C5188,2025-08-13
C5188,2025-08-29
C5188,2025-10-01
C5188,2025-10-27
C5189,2025-08-12
C5189,2025-08-14
C5189,2025-08-18
C5190,2025-08-13
C5190,2025-08-20
C5190,2025-08-18
C5191,2025-08-13
C5191,2025-08-20
C5192,2025-08-14
C5192,2025-08-25
C5192,2025-08-27
C5193,2025-08-14
C5194,2025-08-14
C5195,2025-08-19
C5195,2025-08-25
C5195,2025-08-21
C5195,2025-09-05
C5195,2025-10-01
C5195,2025-10-28
C5195,2025-11-13
C5196,2025-08-20
C5196,2025-08-21
C5196,2025-08-22
C5197,2025-08-21
C5197,2025-08-22
C5197,2025-08-25
C5197,2025-08-26
C5198,2025-08-21
C5198,2025-08-22
C5199,2025-08-26
C5199,2025-08-28
C5199,2025-09-16
C5199,2025-10-02
C5200,2025-08-26
C5200,2025-08-28
C5200,2025-08-29
C5201,2025-08-27
C5201,2025-08-29
C5201,2025-09-01
C5201,2025-09-02
C5201,2025-11-03
C5201,2025-11-04
C5202,2025-08-27
C5202,2025-08-29
C5202,2025-09-01
C5202,2025-10-23
C5203,2025-08-29
C5203,2025-09-01
C5203,2025-09-03
C5203,2025-09-04
C5204,2025-08-29
C5204,2025-09-01
C5204,2025-09-02
C5204,2025-09-04
C5204,2025-09-05
C5205,2025-09-01
C5205,2025-09-02
C5205,2025-09-05
C5205,2025-09-03
C5205,2025-09-09
C5205,2025-09-10
C5205,2025-10-01
C5205,2025-10-27
C5205,2025-11-13
C5206,2025-09-02
C5206,2025-09-04
C5206,2025-09-03
C5207,2025-09-03
C5207,2025-09-04
C5207,2025-09-05
C5207,2025-09-30
C5208,2025-09-09
C5208,2025-09-17
C5208,2025-09-30
C5209,2025-09-09
C5209,2025-09-10
C5209,2025-09-11
C5209,2025-09-12
C5209,2025-09-29
C5209,2025-09-30
C5209,2025-11-03
C5210,2025-09-10
C5211,2025-09-11
C5212,2025-09-11
C5213,2025-09-18
C5213,2025-09-19
C5213,2025-09-22
C5214,2025-09-19
C5214,2025-09-26
C5214,2025-09-30
C5215,2025-09-25
C5215,2025-09-30
C5215,2025-09-29
C5216,2025-09-29
C5216,2025-10-28
C5217,2025-09-29
C5218,2025-09-30
C5219,2025-10-01
C5219,2025-10-02
C5219,2025-10-14
C5219,2025-12-12
C5220,2025-10-02
C5220,2025-10-14
C5220,2025-10-13
C5220,2025-10-23
C5221,2025-10-14
C5221,2025-10-15
C5221,2025-10-16
C5222,2025-10-16
C5222,2025-10-17
C5222,2025-10-20
C5223,2025-10-17
C5223,2025-10-21
C5224,2025-10-20
C5224,2025-10-22
C5224,2025-10-21
C5224,2025-10-23
C5225,2025-10-21
C5225,2025-10-23
C5225,2025-10-24
C5226,2025-10-22
C5226,2025-10-24
C5227,2025-10-27
C5228,2025-10-27
C5229,2025-10-28
C5229,2025-11-06
C5230,2025-10-28
C5230,2025-10-30
C5231,2025-10-29
C5231,2025-10-31
C5231,2025-11-03
C5232,2025-11-27
C5232,2025-12-01
C5232,2025-12-11
C5232,2025-12-12
C5233,2025-11-25
C5233,2025-11-26
C5233,2025-11-27
C5233,2025-12-10
C5234,2025-11-06
C5235,2025-11-06
C5235,2025-11-13
C5236,2025-11-07
C5237,2025-11-07
C5238,2025-11-10
C5239,2025-11-17
C5239,2025-11-18
C5239,2025-11-19
C5239,2025-11-20
C5239,2025-11-21
C5239,2025-11-24
C5239,2025-12-09
C5240,2025-11-12
C5240,2025-11-17
C5241,2025-11-13
C5241,2025-11-14
C5241,2025-11-17
C5241,2025-11-18
C5241,2025-11-19
C5242,2025-11-19
C5242,2025-11-20
C5242,2025-12-11
C5243,2025-11-20
C5244,2025-11-21
C5245,2025-11-24
C5245,2025-11-20
C5246,2025-11-24
C5246,2025-11-25
C5246,2025-11-26
C5246,2025-11-27
C5246,2025-11-28
C5246,2025-12-04
C5247,2025-11-24
C5247,2025-11-25
C5247,2025-12-10
C5248,2025-11-26
C5248,2025-11-27
C5248,2025-12-02
C5249,2025-12-11
C5249,2025-12-12
C5249,2025-12-15
C5250,2025-12-11
C5250,2025-12-12
C5250,2025-12-15
C5250,2025-12-16
C5251,2025-12-16
C5251,2025-12-15
C5252,2025-12-15
C5252,2025-12-17
C5252,2025-12-16
C5252,2025-12-18
C5253,2025-12-18
C5253,2025-12-22
C5254,2025-12-23
C5255,2025-12-22
C5255,2025-12-23
C5256,2025-12-22
C5256,2025-12-23
C5257,2025-12-23
C5258,2025-12-30
CC5091,2025-04-10
D01Y001,2025-05-16
D01Y001,2025-05-19
D28BE1,2025-10-13
D29Y02,2025-10-16
D29Y02,2025-11-12
D29YD2,2025-08-08
DF03,2025-10-31
E15BE1,2025-10-13
E3023,2025-05-14
E4013,2025-04-04
E4013,2025-05-14
E4013,2025-10-27
E4021,2025-05-30
E4021,2025-06-02
E4021,2025-07-03
E4029,2025-06-02
E4043,2025-04-04
E4043,2025-06-05
E5005,2025-04-07
E5005,2025-06-04
E5005,2025-06-05
E5005,2025-07-01
E5005,2025-10-22
E5006,2025-04-01
E5007,2025-08-08
E5007,2025-10-16
E5009,2025-03-11
E5009,2025-05-12
E5010,2025-03-12
E5010,2025-03-20
E5010,2025-03-21
E5010,2025-05-30
E5010,2025-07-01
E5010,2025-07-08
E5010,2025-08-28
E5011,2025-03-17
E5011,2025-03-20
E5012,2025-04-02
E5012,2025-04-03
E5012,2025-09-30
E5012,2025-10-01
E5013,2025-03-24
E5013,2025-03-26
E5013,2025-05-20
E5013,2025-08-13
E5014,2025-03-26
E5014,2025-03-27
E5014,2025-04-02
E5015,2025-03-25
E5016,2025-03-31
E5017,2025-04-10
E5017,2025-04-21
E5017,2025-04-30
E5018,2025-04-21
E5018,2025-04-28
E5019,2025-04-23
E5019,2025-04-24
E5019,2025-05-15
E5020,2025-05-19
E5020,2025-05-20
E5020,2025-10-01
E5021,2025-05-21
E5021,2025-05-22
E5021,2025-05-23
E5021,2025-07-01
E5021,2025-08-14
E5022,2025-05-29
E5022,2025-06-02
E5023,2025-06-10
E5023,2025-06-13
E5023,2025-06-12
E5023,2025-06-19
E5023,2025-06-16
E5023,2025-06-26
E5023,2025-06-24
E5023,2025-06-27
E5024,2025-06-12
E5024,2025-06-16
E5025,2025-06-18
E5025,2025-06-20
E5025,2025-06-30
E5025,2025-07-01
E5025,2025-08-07
E5025,2025-09-04
E5026,2025-06-17
E5026,2025-06-23
E5026,2025-06-24
E5026,2025-07-08
E5027,2025-06-19
E5027,2025-07-01
E5027,2025-06-20
E5027,2025-08-06
E5028,2025-07-01
E5028,2025-07-03
E5029,2025-07-09
E5029,2025-07-10
E5029,2025-07-11
E5030,2025-07-10
E5030,2025-07-16
E5031,2025-08-06
E5031,2025-08-11
E5031,2025-08-27
E5031,2025-08-28
E5031,2025-08-29
E5031,2025-08-12
E5031,2025-09-01
E5031,2025-10-23
E5032,2025-08-11
E5032,2025-08-20
E5032,2025-08-21
E5033,2025-08-18
E5033,2025-08-19
E5033,2025-10-01
E5033,2025-10-28
E5034,2025-09-12
E5035,2025-09-11
E5035,2025-09-12
E5036,2025-09-22
E5036,2025-10-01
E5036,2025-10-02
E5036,2025-11-12
E5037,2025-09-23
E5037,2025-10-02
E5037,2025-10-10
E5037,2025-10-13
E5037,2025-11-12
E5038,2025-09-24
E5038,2025-09-25
E5039,2025-10-20
E5039,2025-10-24
E5039,2025-11-12
E5040,2025-10-27
E5040,2025-10-21
E5041,2025-10-23
E5041,2025-10-24
E5041,2025-10-28
E5042,2025-11-05
E5042,2025-11-10
E5043,2025-11-07
E5043,2025-11-12
E5044,2025-11-07
E5044,2025-11-10
E5045,2025-11-10
E5045,2025-11-12
E5046,2025-11-11
E5046,2025-11-12
E5047,2025-11-11
E5047,2025-11-12
E5048,2025-11-14
E5048,2025-11-19
E5048,2025-11-20
E5048,2025-11-21
E5048,2025-11-24
E5049,2025-12-01
E5049,2025-12-11
E5050,2025-12-12
E5050,2025-12-17
E8010,2025-06-02
F.3Y002,2025-06-19
F03Y002,2025-08-28
F24BE1,2025-10-13
G24BE1,2025-10-13
H2721,2025-08-06
H2721J,2025-04-08
H2721J,2025-07-08
H4038,2025-04-07
H4050,2025-10-22
H4069,2025-04-04
H4069,2025-05-14
H4069,2025-11-06
H4090,2025-10-31
H4097,2025-07-04
H4098,2025-05-14
H4112,2025-10-31
H4116,2025-10-01
H4117,2025-10-01
H4117,2025-10-16
H4122,2025-10-31
H4122,2025-12-16
H4123,2025-06-02
H4124,2025-06-02
H4125,2025-07-04
H4128,2025-04-04
H4128,2025-05-14
H5005,2025-10-22
H5005,2025-11-06
H5007,2025-12-16
H5008,2025-10-22
H5013,2025-12-01
H5015,2025-03-13
H5015,2025-10-02
H5015,2025-12-04
H5015,2025-12-08
H5016,2025-03-25
H5016,2025-03-21
H5016,2025-03-24
H5016,2025-03-13
H5017,2025-03-13
H5018,2025-03-13
H5019,2025-03-27
H5020,2025-03-27
H5020,2025-04-01
H5021,2025-03-28
H5021,2025-04-01
H5022,2025-04-07
H5022,2025-04-08
H5022,2025-04-04
H5023,2025-04-07
H5024,2025-04-11
H5024,2025-04-16
H5025,2025-04-14
H5025,2025-04-16
H5025,2025-06-02
H5025,2025-08-06
H5026,2025-04-28
H5026,2025-05-02
H5026,2025-05-07
H5026,2025-05-09
H5027,2025-04-29
H5027,2025-05-07
H5028,2025-04-30
H5028,2025-05-07
H5029,2025-05-02
H5029,2025-05-07
H5030,2025-05-02
H5030,2025-05-07
H5031,2025-05-09
H5031,2025-05-08
H5031,2025-05-12
H5032,2025-05-14
H5032,2025-05-15
H5033,2025-05-16
H5033,2025-05-19
H5034,2025-05-20
H5034,2025-05-23
H5034,2025-05-27
H5034,2025-05-28
H5035,2025-05-28
H5035,2025-05-29
H5035,2025-05-30
H5036,2025-05-30
H5036,2025-06-09
H5037,2025-05-30
H5037,2025-06-09
H5038,2025-06-09
H5038,2025-06-11
H5038,2025-06-25
H5038,2025-06-12
H5038,2025-10-27
H5039,2025-06-23
H5040,2025-06-24
H5040,2025-06-27
H5040,2025-06-30
H5040,2025-07-01
H5041,2025-06-25
H5041,2025-06-30
H5041,2025-06-27
H5042,2025-06-27
H5042,2025-07-03
H5042,2025-07-07
H5043,2025-06-30
H5043,2025-07-02
H5044,2025-07-04
H5044,2025-07-07
H5044,2025-07-08
H5045,2025-07-09
H5045,2025-07-14
H5045,2025-09-09
H5046,2025-07-21
H5046,2025-07-23
H5047,2025-07-22
H5047,2025-10-01
H5048,2025-07-22
H5048,2025-07-29
H5048,2025-10-31
H5048,2025-11-13
H5049,2025-07-24
H5049,2025-07-28
H5050,2025-07-28
H5050,2025-07-29
H5051,2025-07-28
H5052,2025-08-04
H5052,2025-08-05
H5052,2025-10-13
H5053,2025-08-06
H5053,2025-08-08
H5054,2025-08-19
H5054,2025-08-20
H5054,2025-10-29
H5054,2025-10-30
H5055,2025-08-19
H5055,2025-08-20
H5055,2025-10-22
H5056,2025-08-28
H5056,2025-09-01
H5057,2025-08-28
H5057,2025-08-29
H5057,2025-09-01
H5058,2025-08-28
H5058,2025-09-02
H5058,2025-09-01
H5059,2025-08-29
H5059,2025-09-03
H5060,2025-09-01
H5060,2025-09-02
H5060,2025-09-15
H5060,2025-10-31
H5060,2025-12-10
H5061,2025-09-04
H5061,2025-09-05
H5061,2025-09-08
H5061/2,2025-09-05
H5062,2025-09-04
H5062,2025-09-08
H5063,2025-09-09
H5063,2025-09-08
H5063,2025-09-10
H5064,2025-09-10
H5064,2025-09-11
H5064,2025-10-14
H5064,2025-10-22
H5065,2025-09-10
H5065,2025-09-11
H5066,2025-09-10
H5066,2025-09-12
H5066,2025-11-11
H5067,2025-09-12
H5067,2025-09-17
H5068,2025-09-12
H5068,2025-09-17
H5069,2025-09-18
H5069,2025-09-22
H5069,2025-09-17
H5069,2025-10-31
H5070,2025-09-23
H5070,2025-09-24
H5070,2025-11-12
H5071,2025-10-10
H5071,2025-10-21
H5071,2025-10-20
H5071,2025-11-12
H5072,2025-10-14
H5072,2025-10-15
H5072,2025-10-16
H5073,2025-10-15
H5073,2025-10-16
H5074,2025-10-16
H5074,2025-10-17
H5074,2025-10-21
H5075,2025-10-17
H5075,2025-10-22
H5075,2025-10-23
H5076,2025-10-21
H5076,2025-10-23
H5076,2025-10-27
H5077,2025-10-28
H5077,2025-10-27
H5077,2025-11-20
H5078,2025-10-24
H5078,2025-10-27
H5078,2025-10-28
H5078,2025-11-11
H5079,2025-10-24
H5079,2025-10-28
H5080,2025-10-27
H5080,2025-10-28
H5080,2025-10-29
H5082,2025-10-28
H5082,2025-10-30
H5082,2025-10-31
H5083,2025-10-31
H5083,2025-11-03
H5083,2025-11-05
H5083,2025-11-06
H5084,2025-11-03
H5084,2025-10-31
H5084,2025-11-12
H5085,2025-10-31
H5085,2025-11-04
H5085,2025-12-16
H5086,2025-11-04
H5086,2025-11-06
H5087,2025-11-10
H5087,2025-11-12
H5088,2025-11-17
H5088,2025-11-18
H5088,2025-11-19
H5089,2025-11-17
H5089,2025-11-19
H5090,2025-10-14
H5090,2025-11-18
H5090,2025-11-21
H5090,2025-11-24
H5091,2025-11-18
H5091,2025-11-24
H5092,2025-11-18
H5092,2025-11-20
H5092,2025-11-19
H5093,2025-11-18
H5093,2025-11-20
H5093,2025-12-01
H5094,2025-11-19
H5094,2025-11-24
H5094,2025-11-25
H5095,2025-11-19
H5095,2025-12-08
H5095,2025-11-24
H5096,2025-11-20
H5096,2025-11-21
H5097,2025-11-20
H5097,2025-11-25
H5098,2025-11-20
H5098,2025-11-26
H5099,2025-11-21
H5099,2025-11-25
H5099,2025-12-04
H5099,2025-12-03
H5100,2025-11-21
H5100,2025-11-24
H5100,2025-11-25
H5101,2025-11-25
H5101,2025-12-01
H5102,2025-11-25
H5102,2025-11-27
H5103,2025-11-27
H5103,2025-12-01
H5103,2025-12-10
H5104,2025-11-28
H5104,2025-12-12
H5105,2025-12-03
H5106,2025-12-03
H5106,2025-12-10
H5107,2025-12-04
H5107,2025-12-09
H5107,2025-12-10
H5108,2025-12-04
H5108,2025-12-12
H5109,2025-12-12
H5109,2025-12-15
H5110,2025-12-12
H5110,2025-12-15
I15BE1,2025-10-13
I15BE1,2025-12-11
J22BE1,2025-12-11
M5044,2025-03-10
M5045,2025-03-10
M5046,2025-04-02
M5046,2025-03-26
M5046,2025-04-03
M5047,2025-04-07
M5047,2025-04-23
M5048,2025-04-07
M5048,2025-04-23
M5049,2025-04-08
M5049,2025-04-23
M5050,2025-04-08
M5051,2025-04-09
M5052,2025-04-21
M5052,2025-04-22
M5052,2025-04-28
M5053,2025-04-28
M5053,2025-04-24
M5053,2025-04-25
M5054,2025-04-30
M5054,2025-04-25
M5054,2025-05-02
M5055,2025-04-28
M5055,2025-05-02
M5056,2025-04-28
M5056,2025-05-02
M5057,2025-04-29
M5058,2025-04-29
M5058,2025-05-07
M5059,2025-04-30
M5059,2025-05-08
M5060,2025-04-30
M5060,2025-05-02
M5061,2025-05-09
M5061,2025-05-02
M5062,2025-05-09
M5062,2025-05-07
M5063,2025-05-12
M5063,2025-05-14
M5064,2025-05-19
M5064,2025-05-21
M5065,2025-05-19
M5065,2025-05-21
M5066,2025-05-20
M5066,2025-05-22
M5067,2025-05-21
M5067,2025-05-22
M5068,2025-05-21
M5068,2025-05-22
M5069,2025-05-22
M5069,2025-05-23
M5070,2025-05-22
M5071,2025-06-16
M5071,2025-06-17
M5072,2025-06-16
M5072,2025-06-18
M5073,2025-06-17
M5073,2025-06-18
M5074,2025-06-17
M5074,2025-06-18
M5075,2025-06-18
M5075,2025-06-19
M5076,2025-06-18
M5076,2025-06-19
M5077,2025-06-20
M5077,2025-06-23
M5078,2025-06-23
M5078,2025-06-25
M5079,2025-06-24
M5079,2025-06-25
M5080,2025-06-25
M5080,2025-06-26
M5081,2025-06-25
M5081,2025-06-27
M5081,2025-06-26
M5082,2025-06-26
M5082,2025-06-27
M5083,2025-06-26
M5083,2025-06-27
M5084,2025-06-27
M5084,2025-06-30
M5085,2025-07-01
M5085,2025-07-03
M5086,2025-07-02
M5086,2025-09-15
M5087,2025-07-02
M5087,2025-09-15
M5087,2025-10-31
M5088,2025-07-23
M5088,2025-07-28
M5092,2025-07-23
M5092,2025-07-28
M5093,2025-08-04
M5093,2025-08-05
M5094,2025-08-04
M5094,2025-08-05
M5095,2025-08-04
M5096,2025-08-05
M5096,2025-08-06
M5097,2025-08-05
M5098,2025-08-05
M5098,2025-08-07
M5099,2025-08-06
M5099,2025-08-07
M5100,2025-08-06
M5101,2025-08-06
M5101,2025-08-07
M5102,2025-08-22
M5102,2025-08-26
M5103,2025-08-22
M5103,2025-08-27
M5104,2025-08-27
M5104,2025-08-25
M5105,2025-09-04
M5105,2025-09-05
M5106,2025-09-04
M5106,2025-09-05
M5107,2025-09-15
M5107,2025-09-17
M5108,2025-09-15
M5108,2025-09-17
M5109,2025-09-16
M5109,2025-09-18
M5110,2025-09-16
M5110,2025-09-17
M5110,2025-09-18
M5111,2025-09-18
M5111,2025-09-22
M5112,2025-09-19
M5112,2025-09-22
M5113,2025-10-10
M5113,2025-10-13
M5114,2025-10-10
M5114,2025-10-14
M5114,2025-10-13
M5115,2025-10-13
M5115,2025-10-14
M5116,2025-10-13
M5116,2025-10-14
M5117,2025-10-14
M5117,2025-10-15
M5118,2025-10-20
M5118,2025-10-21
M5119,2025-10-29
M5119,2025-10-30
M5120,2025-10-30
M5120,2025-10-31
M5120,2025-11-03
M5121,2025-10-31
M5121,2025-11-03
M5122,2025-10-30
M5122,2025-10-31
M5123,2025-11-03
M5123,2025-11-04
M5124,2025-11-03
M5124,2025-11-04
M5125,2025-11-04
M5125,2025-11-05
M5126,2025-11-04
M5126,2025-11-05
M5127,2025-11-05
M5127,2025-11-06
M5128,2025-11-05
M5128,2025-11-06
M5129,2025-11-06
M5130,2025-11-07
M5131,2025-11-07
M5131,2025-11-10
M5132,2025-11-07
M5132,2025-11-10
M5133,2025-11-10
M5133,2025-11-11
M5134,2025-11-11
M5134,2025-11-12
M5135,2025-11-11
M5135,2025-11-12
M5136,2025-11-11
M5136,2025-11-12
M5137,2025-11-12
M5137,2025-11-13
M5138,2025-11-12
M5138,2025-11-13
M5139,2025-11-12
M5139,2025-11-13
M5139,2025-11-19
M5140,2025-11-13
M5140,2025-11-19
M5141,2025-11-21
M5142,2025-11-21
M5142,2025-11-26
M5143,2025-11-26
M5143,2025-11-28
M5144,2025-11-26
M5144,2025-11-28
M5145,2025-11-28
M5145,2025-12-09
M5146,2025-12-04
M5146,2025-12-05
M5147,2025-12-04
M5147,2025-12-05
M5148,2025-12-16
M5148,2025-12-18
M5149,2025-12-16
M5149,2025-12-18
M5150,2025-12-16
M5150,2025-12-19
M5150,2025-12-18
M5151,2025-12-17
M5151,2025-12-19
M5152,2025-12-17
M5152,2025-12-19
M5153,2025-12-17
M5153,2025-12-19
M5154,2025-12-18
M5154,2025-12-19
M5155,2025-12-18
M5155,2025-12-22
M5155,2025-12-19
M5156,2025-12-18
M5156,2025-12-22
M5157,2025-12-19
M5158,2025-12-17
M5158,2025-12-18
M5159,2025-12-17
M5159,2025-12-18
M5160,2025-12-19
M5160,2025-12-22
M5161,2025-12-22
M5161,2025-12-23
M5162,2025-12-22
M5162,2025-12-23
M5163,2025-12-22
M5163,2025-12-23
M5164,2025-12-23
M5165,2025-12-24
M5166,2025-12-24
N5233,2025-10-31
S1201,2025-09-02
S4034,2025-05-02
S4049,2025-04-04
S4059,2025-06-02
S4087,2025-05-14
S4087,2025-07-01
S4087,2025-08-06
S4087,2025-08-27
S4087,2025-08-28
S4216,2025-04-04
S4216,2025-05-14
S4222,2025-05-12
S4223,2025-05-08
S4223,2025-07-01
S4223,2025-10-01
S5008,2025-06-05
S5031,2025-05-02
S5041,2025-06-26
S5047,2025-03-10
S5048,2025-03-11
S5048,2025-03-25
S5048,2025-05-30
S5048,2025-06-02
S5048,2025-06-23
S5049,2025-03-11
S5050,2025-03-14
S5051,2025-03-17
S5051,2025-03-31
S5052,2025-03-18
S5052,2025-03-24
S5053,2025-03-18
S5053,2025-03-24
S5054,2025-03-18
S5054,2025-03-31
S5055,2025-03-19
S5055,2025-04-15
S5055,2025-04-16
S5056,2025-03-24
S5056,2025-03-26
S5056,2025-03-25
S5056,2025-06-02
S5056,2025-06-04
S5057,2025-03-24
S5057,2025-04-30
S5058,2025-03-25
S5058,2025-04-10
S5059,2025-03-25
S5059,2025-03-31
S5060,2025-03-25
S5060,2025-03-27
S5061,2025-03-25
S5062,2025-03-28
S5063,2025-03-31
S5063,2025-04-02
S5064,2025-03-31
S5064,2025-04-02
S5065,2025-04-01
S5065,2025-04-02
S5066,2025-04-01
S5066,2025-04-03
S5067,2025-04-02
S5067,2025-04-03
S5068,2025-04-03
S5068,2025-04-04
S5068,2025-08-06
S5068,2025-08-28
S5068,2025-10-16
S5069,2025-04-03
S5069,2025-04-04
S5069,2025-06-05
S5070,2025-04-07
S5070,2025-04-11
S5070,2025-04-10
S5071,2025-04-08
S5071,2025-04-10
S5072,2025-04-08
S5072,2025-04-11
S5072,2025-04-10
S5073,2025-04-11
S5073,2025-04-14
S5074,2025-04-17
S5075,2025-04-17
S5075,2025-04-18
S5075,2025-04-21
S5076,2025-04-21
S5076,2025-04-24
S5076,2025-04-28
S5076,2025-04-29
S5076,2025-07-01
S5076,2025-08-07
S5076,2025-08-28
S5076,2025-09-30
S5076,2025-10-28
S5077,2025-04-24
S5077,2025-04-30
S5077,2025-06-04
S5078,2025-04-25
S5078,2025-04-30
S5079,2025-05-02
S5079,2025-05-13
S5079,2025-05-14
S5080,2025-05-07
S5080,2025-05-13
S5081,2025-05-12
S5082,2025-05-12
S5082,2025-05-13
S5083,2025-05-14
S5083,2025-05-15
S5084,2025-05-15
S5085,2025-05-19
S5085,2025-05-20
S5086,2025-05-19
S5086,2025-05-20
S5087,2025-05-23
S5087,2025-05-26
S5087,2025-05-27
S5087,2025-10-02
S5088,2025-05-26
S5088,2025-05-27
S5089,2025-05-27
S5089,2025-05-28
S5090,2025-05-27
S5090,2025-05-28
S5091,2025-05-27
S5091,2025-05-28
S5092,2025-05-29
S5092,2025-05-28
S5093,2025-05-28
S5093,2025-05-29
S5094,2025-05-28
S5094,2025-05-29
S5095,2025-05-28
S5095,2025-05-30
S5095,2025-08-07
S5095,2025-09-04
S5095,2025-09-30
S5095,2025-10-01
S5095,2025-11-12
S5095,2025-12-22
S5096,2025-06-02
S5096,2025-06-09
S5096,2025-06-16
S5097,2025-06-10
S5097,2025-06-11
S5097,2025-06-17
S5097,2025-06-23
S5097,2025-06-20
S5098,2025-06-11
S5098,2025-06-12
S5098,2025-06-13
S5099,2025-06-11
S5099,2025-06-13
S5099,2025-07-02
S5100,2025-06-16
S5100,2025-06-17
S5100,2025-06-18
S5101,2025-06-16
S5101,2025-06-19
S5101,2025-06-17
S5101,2025-06-18
S5102,2025-06-17
S5102,2025-06-18
S5102,2025-06-19
S5103,2025-06-12
S5103,2025-06-13
S5103,2025-07-01
S5104,2025-06-17
S5104,2025-06-18
S5104,2025-06-19
S5105,2025-06-19
S5105,2025-06-20
S5106,2025-06-19
S5106,2025-06-20
S5106,2025-06-23
S5106,2025-07-17
S5106,2025-07-18
S5107,2025-06-19
S5107,2025-06-23
S5108,2025-06-20
S5108,2025-06-25
S5108,2025-06-26
S5109,2025-06-23
S5109,2025-06-24
S5109,2025-06-25
S5110,2025-06-26
S5110,2025-06-24
S5111,2025-06-24
S5111,2025-06-26
S5112,2025-06-30
S5112,2025-06-26
S5113,2025-06-26
S5113,2025-06-30
S5113,2025-10-22
S5114,2025-06-30
S5114,2025-07-01
S5115,2025-07-01
S5115,2025-07-02
S5116,2025-07-01
S5116,2025-07-02
S5117,2025-07-02
S5117,2025-07-03
S5118,2025-07-10
S5118,2025-07-14
S5118,2025-08-27
S5119,2025-07-07
S5119,2025-07-11
S5120,2025-07-08
S5120,2025-07-11
S5121,2025-07-09
S5121,2025-07-18
S5122,2025-07-10
S5122,2025-07-11
S5123,2025-07-10
S5123,2025-07-14
S5124,2025-07-10
S5124,2025-07-14
S5124,2025-07-15
S5125,2025-07-14
S5125,2025-07-11
S5126,2025-07-11
S5126,2025-07-14
S5126,2025-07-15
S5126,2025-10-22
S5127,2025-07-14
S5127,2025-07-15
S5127,2025-07-16
S5127,2025-08-06
S5127,2025-09-03
S5127,2025-10-16
S5127,2025-12-08
S5128,2025-07-14
S5128,2025-07-18
S5129,2025-07-15
S5129,2025-07-18
S5129,2025-07-21
S5129,2025-10-15
S5130,2025-07-16
S5130,2025-07-21
S5130,2025-10-16
S5131,2025-07-16
S5131,2025-07-24
S5131,2025-07-25
S5131,2025-09-03
S5131,2025-09-04
S5131,2025-10-23
S5131,2025-11-03
S5132,2025-07-18
S5132,2025-07-24
S5132,2025-07-25
S5133,2025-07-23
S5133,2025-07-25
S5134,2025-07-22
S5134,2025-07-25
S5135,2025-07-22
S5135,2025-07-28
S5135,2025-08-11
S5135,2025-10-15
S5136,2025-07-28
S5136,2025-08-04
S5137,2025-07-28
S5137,2025-08-05
S5137,2025-08-06
S5138,2025-07-29
S5138,2025-08-06
S5138,2025-08-07
S5139,2025-08-04
S5139,2025-08-07
S5139,2025-08-06
S5140,2025-08-04
S5140,2025-08-07
S5140,2025-08-08
S5141,2025-08-05
S5141,2025-08-07
S5141,2025-08-08
S5142,2025-07-29
S5142,2025-08-04
S5142,2025-08-28
S5143,2025-08-07
S5143,2025-08-08
S5143,2025-08-11
S5143,2025-11-10
S5144,2025-08-08
S5144,2025-08-11
S5145,2025-08-11
S5145,2025-08-12
S5148,2025-08-11
S5148,2025-08-12
S5149,2025-08-12
S5149,2025-08-13
S5149,2025-09-10
S5150,2025-06-19
S5150,2025-08-13
S5150,2025-08-14
S5151,2025-08-12
S5151,2025-08-13
S5152,2025-08-14
S5152,2025-08-18
S5152,2025-09-11
S5152,2025-10-02
S5152,2025-10-13
S5153,2025-08-14
S5153,2025-08-21
S5153,2025-08-18
S5154,2025-08-18
S5154,2025-08-19
S5155,2025-08-18
S5155,2025-08-19
S5155,2025-08-20
S5155,2025-10-16
S5156,2025-08-19
S5156,2025-08-22
S5157,2025-08-20
S5157,2025-08-22
S5158,2025-08-21
S5158,2025-08-22
S5158,2025-09-02
S5159,2025-08-22
S5159,2025-08-25
S5159,2025-08-26
S5159,2025-12-23
S5160,2025-08-22
S5160,2025-08-27
S5160,2025-09-02
S5161,2025-08-25
S5161,2025-08-29
S5161,2025-09-01
S5162,2025-08-26
S5162,2025-09-01
S5163,2025-08-27
S5163,2025-09-01
S5163,2025-09-02
S5164,2025-08-28
S5164,2025-09-02
S5165,2025-08-29
S5165,2025-09-02
S5166,2025-09-01
S5166,2025-09-02
S5166,2025-09-03
S5167,2025-09-02
S5167,2025-09-12
S5167,2025-12-22
S5168,2025-09-03
S5168,2025-09-09
S5168,2025-10-14
S5168,2025-10-15
S5169,2025-09-04
S5169,2025-09-08
S5169,2025-09-09
S5169,2025-09-24
S5169,2025-10-15
S5170,2025-09-05
S5170,2025-09-11
S5171,2025-07-18
S5171,2025-09-05
S5171,2025-09-10
S5171,2025-10-14
S5171,2025-10-15
S5172,2025-09-08
S5172,2025-09-11
S5173,2025-09-08
S5173,2025-09-11
S5173,2025-09-12
S5174,2025-09-08
S5174,2025-09-12
S5174,2025-10-23
S5175,2025-09-08
S5175,2025-09-19
S5175,2025-09-17
S5176,2025-09-09
S5176,2025-09-19
S5176,2025-09-17
S5177,2025-09-17
S5177,2025-09-09
S5178,2025-09-10
S5178,2025-09-19
S5178,2025-09-18
S5179,2025-09-10
S5179,2025-09-19
S5179,2025-09-18
S5180,2025-09-11
S5180,2025-09-16
S5181,2025-09-12
S5181,2025-09-16
S5182,2025-09-15
S5182,2025-09-16
S5184,2025-09-17
S5184,2025-09-18
S5184,2025-09-19
S5185,2025-09-18
S5185,2025-09-19
S5185,2025-09-22
S5186,2025-09-19
S5186,2025-09-22
S5186,2025-09-23
S5187,2025-09-17
S5187,2025-09-19
S5188,2025-09-22
S5188,2025-09-23
S5188,2025-09-24
S5189,2025-09-23
S5189,2025-09-26
S5189,2025-09-29
S5190,2025-09-24
S5191,2025-10-01
S5191,2025-10-02
S5191,2025-10-16
S5191,2025-12-09
S5192,2025-10-15
S5192,2025-10-16
S5192,2025-10-17
S5193,2025-10-17
S5194,2025-10-16
S5194,2025-10-17
S5195,2025-08-21
S5195,2025-10-14
S5195,2025-10-15
S5196,2025-10-15
S5196,2025-10-16
S5197,2025-10-17
S5197,2025-10-20
S5197,2025-11-13
S5198,2025-10-17
S5198,2025-10-21
S5198,2025-10-22
S5199,2025-10-30
S5199,2025-10-20
S5199,2025-10-21
S5200,2025-10-24
S5200,2025-10-28
S5200,2025-10-29
S5201,2025-10-24
S5201,2025-10-30
S5202,2025-10-28
S5202,2025-10-30
S5203,2025-11-04
S5203,2025-11-05
S5204,2025-10-29
S5204,2025-10-30
S5204,2025-10-31
S5205,2025-10-30
S5205,2025-10-31
S5206,2025-10-31
S5207,2025-11-03
S5207,2025-11-04
S5208,2025-11-12
S5208,2025-11-13
S5209,2025-11-13
S5209,2025-11-17
S5210,2025-11-14
S5210,2025-11-17
S5211,2025-11-14
S5211,2025-11-17
S5212,2025-11-17
S5212,2025-11-18
S5213,2025-11-18
S5214,2025-11-20
S5214,2025-11-21
S5214,2025-11-24
S5214,2025-11-25
S5215,2025-11-20
S5215,2025-12-03
S5215,2025-12-09
S5215,2025-12-10
S5216,2025-11-21
S5216,2025-11-27
S5216,2025-11-26
S5216,2025-11-28
S5217,2025-11-24
S5217,2025-11-26
S5217,2025-11-27
S5217,2025-12-01
S5217,2025-11-28
S5217,2025-12-02
S5218,2025-11-25
S5218,2025-12-01
S5218,2025-12-03
S5218,2025-12-02
S5219,2025-11-26
S5219,2025-12-02
S5219,2025-12-03
S5220,2025-11-27
S5220,2025-12-02
S5220,2025-12-04
S5221,2025-11-27
S5221,2025-12-04
S5221,2025-12-05
S5222,2025-11-28
S5222,2025-12-04
S5222,2025-12-05
S5223,2025-11-21
S5223,2025-12-03
S5223,2025-12-09
S5223,2025-12-10
S5224,2025-11-24
S5224,2025-12-03
S5224,2025-12-08
S5224,2025-12-09
S5224,2025-12-10
S5225,2025-11-28
S5225,2025-12-08
S5225,2025-12-09
S5226,2025-12-01
S5226,2025-12-03
S5226,2025-12-04
S5226,2025-12-05
S5227,2025-12-18
S5227,2025-12-01
S5228,2025-12-10
S5228,2025-12-12
S5229,2025-12-11
S5229,2025-12-17
S5230,2025-12-15
S5230,2025-12-17
S5230,2025-12-18
S5231,2025-12-16
S5231,2025-12-17
S5232,2025-12-16
S5232,2025-12-18
S5233,2025-12-19
S5233,2025-12-23
S5234,2025-12-23
YA001,2025-04-04
YA001,2025-04-07
YA001,2025-07-01
YA001,2025-07-08
YA001,2025-07-21
YA001,2025-09-04
