Lot No,prdcode,QTY,DATE
S5056,FJSL002,2010,"Mar 26, 2025 12:00 AM"
B5054,PDIR005,1440,"Mar 28, 2025 12:00 AM"
B5034,ILWS008,3110,"Mar 20, 2025 12:00 AM"
B5039,ILWS004,3000,"Mar 20, 2025 12:00 AM"
B5038,ILWS007,3040,"Mar 20, 2025 12:00 AM"
B5040,PDIR001,1645,"Mar 25, 2025 12:00 AM"
B5041,PDIR003,1645,"Mar 24, 2025 12:00 AM"
B5036,PDIR009,1631,"Mar 20, 2025 12:00 AM"
S5052,FJSL004,1981,"Mar 24, 2025 12:00 AM"
B5042,PDIR004,2037,"Mar 20, 2025 12:00 AM"
B5049,BTBO002,991,"Mar 28, 2025 12:00 AM"
B5024,BTBO003,995,"Mar 28, 2025 12:00 AM"
B5047,BTBC007,1090,"Mar 27, 2025 12:00 AM"
B5053,BTBO001,1121,"Mar 28, 2025 12:00 AM"
E5010,FJLM001,3432,"Mar 20, 2025 12:00 AM"
S5054,RRBM002,2069,"Mar 31, 2025 12:00 AM"
B5060,RLBC001,1750,"Apr 9, 2025 12:00 AM"
E5013,AOHSR00,2260,"Mar 26, 2025 12:00 AM"
B5043,AOBC005,958,"Mar 25, 2025 12:00 AM"
E5010,FJLM001,1935,"Mar 21, 2025 12:00 AM"
C5079,FJCRT02,2002,"Mar 21, 2025 12:00 AM"
S5053,FJSL004,1981,"Mar 24, 2025 12:00 AM"
C5081,FJMK007,4815,"Mar 25, 2025 12:00 AM"
B5063,RLBC002,1296,"Apr 9, 2025 12:00 AM"
S5068,FJSL003,5600,"Apr 4, 2025 12:00 AM"
,RRBM004,2081,"Mar 31, 2025 12:00 AM"
B5026,BTBC004,233,"Apr 7, 2025 12:00 AM"
B5056,BTBC006,978,"Apr 9, 2025 12:00 AM"
B5055,BTBC007,1000,"Apr 7, 2025 12:00 AM"
B5065,AOBC000,1313,"Apr 7, 2025 12:00 AM"
S5048,FJSL007,153,"Mar 25, 2025 12:00 AM"
C4237,FJCR009,149,"Mar 25, 2025 12:00 AM"
B5029,BTBC006,765,"Mar 26, 2025 12:00 AM"
C5083,FJFC002,5500,"Mar 26, 2025 12:00 AM"
H5028,AJSP002,1320,"May 7, 2025 12:00 AM"
E5014,FJLM002,1260,"Mar 27, 2025 12:00 AM"
C5084,FJFC002,5996,"Mar 31, 2025 12:00 AM"
S5059,FJCW001,3240,"Mar 31, 2025 12:00 AM"
C5086,FJFC004,3096,"Apr 2, 2025 12:00 AM"
E5014,FJLM002,3116,"Apr 2, 2025 12:00 AM"
S5066,FJSL001,1950,"Apr 3, 2025 12:00 AM"
S5063,FJSL001,1950,"Apr 2, 2025 12:00 AM"
S5064,FJSL001,1950,"Apr 2, 2025 12:00 AM"
S5065,FJSL001,1950,"Apr 2, 2025 12:00 AM"
S5070,RRBM001,2049,"Apr 11, 2025 12:00 AM"
S5072,RRBM002,2076,"Apr 11, 2025 12:00 AM"
S5073,RRBM012,2055,"Apr 14, 2025 12:00 AM"
M5061,RMBL004,1017,"May 9, 2025 12:00 AM"
M5062,RMBL006,1018,"May 9, 2025 12:00 AM"
M5046,RMBL003,920,"Apr 3, 2025 12:00 AM"
C5068,FJSL003,6600,"Apr 3, 2025 12:00 AM"
S5077,FJSL004,1950,"Apr 30, 2025 12:00 AM"
S5067,FJSL001,2019,"Apr 3, 2025 12:00 AM"
C5089,FJCR002,3010,"Apr 3, 2025 12:00 AM"
C5088,FJPGM02,2970,"Apr 3, 2025 12:00 AM"
C5082,FJCR008,3120,"Apr 3, 2025 12:00 AM"
S5068,FJSL003,1200,"Apr 3, 2025 12:00 AM"
C5088,FJPGM02,2238,"Apr 4, 2025 12:00 AM"
H5022,AOSP000,1320,"Apr 8, 2025 12:00 AM"
S5069,FJSL003,3691,"Apr 4, 2025 12:00 AM"
B5048,BTBC007,630,"Apr 4, 2025 12:00 AM"
B5048,BTBC007,322,"Apr 7, 2025 12:00 AM"
B5050,BTBC004,1120,"Apr 7, 2025 12:00 AM"
B5051,BTBC004,1120,"Apr 7, 2025 12:00 AM"
 S5074,FJSL001,1907,"Apr 18, 2025 12:00 AM"
C5097,FJPK001,1163,"Apr 21, 2025 12:00 AM"
C5078,FJEC006,336,"Apr 29, 2025 12:00 AM"
YA001,FJMK5T1,432,"Apr 7, 2025 12:00 AM"
B5058,BTBC005,756,"Apr 8, 2025 12:00 AM"
C5113,FJCR007,4741,"May 29, 2025 12:00 AM"
B5083,AJBC002,960,"Apr 30, 2025 12:00 AM"
S5070,RRBM001,2049,"Apr 10, 2025 12:00 AM"
B5052,KBOW003,500,"Apr 8, 2025 12:00 AM"
B5077,BTBC004,1006,"May 7, 2025 12:00 AM"
B5079,BTBC005,990,"May 7, 2025 12:00 AM"
B5081,BTBC006,994,"May 8, 2025 12:00 AM"
C5082,FJCR008,1931,"Apr 8, 2025 12:00 AM"
B5064,MLHW003,962,"Apr 11, 2025 12:00 AM"
B5057,BTBC006,979,"Apr 9, 2025 12:00 AM"
B5023,AOSP000,1320,"Apr 8, 2025 12:00 AM"
C5089,FJCR002,2936,"Apr 9, 2025 12:00 AM"
B5061,RLBC001,1750,"Apr 9, 2025 12:00 AM"
B5074,AOBCM03,1893,"Apr 29, 2025 12:00 AM"
C5101,CHHC002,1046,"Apr 28, 2025 12:00 AM"
M5059,RMBL014,1015,"May 8, 2025 12:00 AM"
C5116,CHHC003,1900,"Apr 28, 2025 12:00 AM"
M5053,RABD2T1,1893,"Apr 28, 2025 12:00 AM"
B5062,RLBC002,1234,"Apr 10, 2025 12:00 AM"
C5090,FJCR005,2160,"Apr 10, 2025 12:00 AM"
S5058,FJSL002,1994,"Apr 10, 2025 12:00 AM"
S5071,BTDM002,1350,"Apr 10, 2025 12:00 AM"
B5063,RLBC002,674,"Apr 10, 2025 12:00 AM"
H5031,AOSP002,770,"May 9, 2025 12:00 AM"
B5071,AOBC005,1946,"Apr 22, 2025 12:00 AM"
C5090,FJCR005,1080,"Apr 11, 2025 12:00 AM"
C5094,FJCRM02,3000,"Apr 14, 2025 12:00 AM"
C5125,FJCRT02,710,"May 19, 2025 12:00 AM"
H5024,AOSP004,1295,"Apr 16, 2025 12:00 AM"
C5149,FJFC004,47,"Jun 19, 2025 12:00 AM"
C5138,FJFC005,188,"May 30, 2025 12:00 AM"
C5096,FJCR002,6480,"Apr 14, 2025 12:00 AM"
C5091,FJCRM03,11500,"Apr 14, 2025 12:00 AM"
C5094,FJCR002,3521,"Apr 18, 2025 12:00 AM"
S5055,RMOP000,4480,"Apr 15, 2025 12:00 AM"
C5090,FJCR005,3240,"Apr 15, 2025 12:00 AM"
M5066,ADML000,1000,"May 22, 2025 12:00 AM"
C5098,FJCR006,540,"Apr 15, 2025 12:00 AM"
C5090,FJCR005,1766,"Apr 16, 2025 12:00 AM"
C5089,FJCRT02,4893,"Apr 16, 2025 12:00 AM"
S5055,RMOP000,553,"Apr 16, 2025 12:00 AM"
C5092,FJBB001,1728,"Apr 16, 2025 12:00 AM"
C5105,FJBF001,5042,"Apr 17, 2025 12:00 AM"
C5092,FJBB001,4032,"Apr 17, 2025 12:00 AM"
C5099,FJFC002,5500,"Apr 21, 2025 12:00 AM"
C5140,FJCR002,2620,"Jun 5, 2025 12:00 AM"
H5038,CCHP001,720,"Jun 11, 2025 12:00 AM"
C5103,FJFC002,5500,"Apr 21, 2025 12:00 AM"
S5075,FJSL001,930,"Apr 21, 2025 12:00 AM"
B5066,BTBO001,2267,"Apr 21, 2025 12:00 AM"
E5017,AOHSR00,642,"Apr 21, 2025 12:00 AM"
M5047,ADML000,1000,"Apr 23, 2025 12:00 AM"
C5104,FJFC002,5450,"Apr 22, 2025 12:00 AM"
C5100,FJFC002,5530,"Apr 22, 2025 12:00 AM"
M5052,AOBLM03,2120,"Apr 28, 2025 12:00 AM"
C5109,FJFC002,5500,"Apr 23, 2025 12:00 AM"
M5048,ADML000,1000,"Apr 23, 2025 12:00 AM"
M5049,ADML000,1000,"Apr 23, 2025 12:00 AM"
C5131,FJBB001,1632,"May 21, 2025 12:00 AM"
 C5150,FJSC002,288,"Jun 13, 2025 12:00 AM"
C5110,FJFC002,5760,"Apr 23, 2025 12:00 AM"
C5050,ADML000,1000,"Apr 23, 2025 12:00 AM"
C5051,ADML000,1089,"Apr 23, 2025 12:00 AM"
C5137,FJCR009,1549,"May 27, 2025 12:00 AM"
E5018,FJAP001,1122,"Apr 28, 2025 12:00 AM"
C5091,FJCR003,2993,"Apr 28, 2025 12:00 AM"
B5067,RABD2T1,112,"May 9, 2025 12:00 AM"
S5092,FJSL001,1320,"May 29, 2025 12:00 AM"
B5075,ILMT005,3000,"Apr 30, 2025 12:00 AM"
B5076,ILWS002,3000,"Apr 30, 2025 12:00 AM"
S5076,FJMT001,5271,"Apr 29, 2025 12:00 AM"
B5072,KBOW004,468,"Apr 29, 2025 12:00 AM"
B5070,KBOW001,180,"Apr 29, 2025 12:00 AM"
C5078,FJEC006,840,"Apr 30, 2025 12:00 AM"
C5114,FJCR002,6407,"Apr 30, 2025 12:00 AM"
S5078,FJSL004,1995,"Apr 30, 2025 12:00 AM"
C5115,FJCR002,13979,"May 2, 2025 12:00 AM"
S4034,RMSC003,190,"May 2, 2025 12:00 AM"
C5098,FJCR006,720,"May 2, 2025 12:00 AM"
B5084,AJBC002,744,"May 2, 2025 12:00 AM"
B5083,AJBC002,840,"May 2, 2025 12:00 AM"
M5054,AOBL000,680,"May 2, 2025 12:00 AM"
M5055,AOBL000,680,"May 2, 2025 12:00 AM"
M5056,AOBL000,680,"May 2, 2025 12:00 AM"
H5029,AJSP002,1320,"May 7, 2025 12:00 AM"
H5030,AJSP002,358,"May 7, 2025 12:00 AM"
B5078,BTBC004,1006,"May 7, 2025 12:00 AM"
C5117,FJMK008,4312,"May 8, 2025 12:00 AM"
H5026,CCCC001,2003,"May 9, 2025 12:00 AM"
B5080,BTBC005,970,"May 8, 2025 12:00 AM"
B5082,BTBC006,994,"May 8, 2025 12:00 AM"
C5117,FJMK008,1646,"May 9, 2025 12:00 AM"
B5116,RABD2T1,686,"Jun 25, 2025 12:00 AM"
C5108,FJSM001,1208,"May 9, 2025 12:00 AM"
C5118,FJFC002,1134,"May 9, 2025 12:00 AM"
C5118,FJFC002,4320,"May 12, 2025 12:00 AM"
B5086,NPBC006,72,"May 9, 2025 12:00 AM"
B5087,NPBC009,216,"May 9, 2025 12:00 AM"
M5063,AOBL004,710,"May 14, 2025 12:00 AM"
S5081,FJSL001,1950,"May 12, 2025 12:00 AM"
C5119,FJFC002,1007,"May 14, 2025 12:00 AM"
B5091,BTBC007,1012,"May 21, 2025 12:00 AM"
B5097,PDIR005,1692,"May 22, 2025 12:00 AM"
C5119,FJFC002,4536,"May 13, 2025 12:00 AM"
H5031,AOSP002,1172,"May 12, 2025 12:00 AM"
S5082,FJSL001,1290,"May 12, 2025 12:00 AM"
S5082,FJSL001,660,"May 13, 2025 12:00 AM"
C5125,FJCR002,3566,"May 14, 2025 12:00 AM"
S5080,MLDMB01,1010,"May 13, 2025 12:00 AM"
S5083,FJSL001,900,"May 14, 2025 12:00 AM"
S5079,RRBM004,1980,"May 13, 2025 12:00 AM"
S5083,FJSL001,1050,"May 15, 2025 12:00 AM"
C5120,FJFC002,5594,"May 14, 2025 12:00 AM"
C5122,FJCRM08,7500,"May 14, 2025 12:00 AM"
S5079,RRBM004,72,"May 14, 2025 12:00 AM"
B5044,FJOF001,212,"May 14, 2025 12:00 AM"
C5121,FJFC002,5521,"May 15, 2025 12:00 AM"
E5019,PDHS002,992,"May 15, 2025 12:00 AM"
C5124,FJFC002,2268,"May 15, 2025 12:00 AM"
B5093,AOWS000,281,"May 15, 2025 12:00 AM"
H5032,AORS000,693,"May 15, 2025 12:00 AM"
S5084,FJSL001,1950,"May 15, 2025 12:00 AM"
C5124,FJFC002,3515,"May 16, 2025 12:00 AM"
C5102,FJEC006,732,"May 16, 2025 12:00 AM"
C5125,FJCRT02,3696,"May 16, 2025 12:00 AM"
C5102,FJEC006,3864,"May 19, 2025 12:00 AM"
C5129,FJMK006,5001,"May 21, 2025 12:00 AM"
C5132,FJMK005,2387,"May 28, 2025 12:00 AM"
H5033,CCATR01,2011,"May 19, 2025 12:00 AM"
C5133,FJEC001,840,"May 26, 2025 12:00 AM"
C5102,FJEC006,4224,"May 20, 2025 12:00 AM"
S5085,FJSL001,1950,"May 20, 2025 12:00 AM"
S5086,FJSL001,2135,"May 20, 2025 12:00 AM"
E5020,AOHE001,996,"May 20, 2025 12:00 AM"
C5098,FJCR006,360,"May 20, 2025 12:00 AM"
C5098,FJCR006,1170,"May 21, 2025 12:00 AM"
C5102,FJEC006,804,"May 21, 2025 12:00 AM"
B5092,BTBC007,1012,"May 21, 2025 12:00 AM"
B5094,RMXX4T1,2448,"May 22, 2025 12:00 AM"
S5103,FJCO001,1579,"Jun 13, 2025 12:00 AM"
E5023,FJES001,286,"Jun 13, 2025 12:00 AM"
B5096,PDIR002,2063,"May 21, 2025 12:00 AM"
C5131,FJBB001,2129,"May 22, 2025 12:00 AM"
M5067,ADML000,1000,"May 22, 2025 12:00 AM"
M5068,ADML000,1000,"May 22, 2025 12:00 AM"
,FJCR006,279,"May 22, 2025 12:00 AM"
E5021,FJAP004,1440,"May 22, 2025 12:00 AM"
B5094,RMXX4T1,2901,"May 23, 2025 12:00 AM"
S5087,FJSL008,4005,"May 26, 2025 12:00 AM"
C5134,FJCR003,4200,"May 26, 2025 12:00 AM"
B5094,RMXX4T1,1392,"May 26, 2025 12:00 AM"
S5089,FJSL001,1950,"May 28, 2025 12:00 AM"
C5139,FJCR002,2580,"Jun 2, 2025 12:00 AM"
C5134,FJCR003,2754,"May 27, 2025 12:00 AM"
C5136,FJCR006,2520,"May 27, 2025 12:00 AM"
C5135,FJGB001,3005,"May 28, 2025 12:00 AM"
S5088,PDHM003,462,"May 27, 2025 12:00 AM"
C5133,FJEC001,2579,"May 27, 2025 12:00 AM"
C5136,FJCR006,1465,"May 28, 2025 12:00 AM"
S5090,FJSL001,1950,"May 28, 2025 12:00 AM"
S5091,FJSL001,1950,"May 28, 2025 12:00 AM"
H5034,CCAB001,1884,"May 28, 2025 12:00 AM"
S5095,FJPD001,1427,"May 30, 2025 12:00 AM"
C5123,CCCRM01,4018,"May 28, 2025 12:00 AM"
S5092,FJSL001,630,"May 28, 2025 12:00 AM"
C5132,FJMK005,517,"May 29, 2025 12:00 AM"
C5123,CCCRM01,996,"May 29, 2025 12:00 AM"
S5093,FJSL001,1950,"May 29, 2025 12:00 AM"
S5094,FJSL001,1993,"May 29, 2025 12:00 AM"
C5113,FJCR007,5360,"May 30, 2025 12:00 AM"
B5100,BTBC009,1000,"May 30, 2025 12:00 AM"
B5101,BTBC009,940,"May 30, 2025 12:00 AM"
C5138,FJFC005,799,"Jun 2, 2025 12:00 AM"
S5048,FJSL007,1441,"Jun 2, 2025 12:00 AM"
B5102,AOBC000,1303,"Jun 2, 2025 12:00 AM"
E5022,FJAP004,1752,"Jun 2, 2025 12:00 AM"
C5142,FJFC002,5670,"Jun 10, 2025 12:00 AM"
C5138,FJFC005,3100,"Jun 4, 2025 12:00 AM"
C5143,FJFC002,5801,"Jun 11, 2025 12:00 AM"
C5139,FJCR002,5420,"Jun 4, 2025 12:00 AM"
C5140,FJCR002,5380,"Jun 4, 2025 12:00 AM"
C5141,FJCR002,7944,"Jun 5, 2025 12:00 AM"
B5103,BTBCM05,9662,"Jun 5, 2025 12:00 AM"
H5036,AOSP000,1316,"Jun 9, 2025 12:00 AM"
H5037,AOSP000,1317,"Jun 9, 2025 12:00 AM"
B5098,BTBC010,962,"Jun 9, 2025 12:00 AM"
B5099,BTBC010,963,"Jun 9, 2025 12:00 AM"
S5096,MLDMB02,1010,"Jun 9, 2025 12:00 AM"
B5103,BTBC005,630,"Jun 9, 2025 12:00 AM"
C5143,FJFC002,1890,"Jun 10, 2025 12:00 AM"
B5107,AOBC000,364,"Jun 10, 2025 12:00 AM"
B5110,BTBO002,2390,"Jun 10, 2025 12:00 AM"
B5109,BTBO003,440,"Jun 10, 2025 12:00 AM"
C5144,FJFC002,5509,"Jun 12, 2025 12:00 AM"
B5105,BTBC006,756,"Jun 11, 2025 12:00 AM"
B5109,BTBO003,1359,"Jun 11, 2025 12:00 AM"
H5038,CCHP001,1249,"Jun 12, 2025 12:00 AM"
C5145,FJFC002,5581,"Jun 12, 2025 12:00 AM"
S5099,FJSL002,2030,"Jun 13, 2025 12:00 AM"
C5147,FJPGM02,2430,"Jun 13, 2025 12:00 AM"
S5100,RMSCN10,3618,"Jun 17, 2025 12:00 AM"
S5098,FJSL002,1260,"Jun 12, 2025 12:00 AM"
S5098,FJSL002,690,"Jun 13, 2025 12:00 AM"
C5150,FJSC002,3168,"Jun 16, 2025 12:00 AM"
C5147,FJPGM02,3965,"Jun 16, 2025 12:00 AM"
S5101,RMSCN10,1014,"Jun 19, 2025 12:00 AM"
S5105,FJSL001,1950,"Jun 20, 2025 12:00 AM"
C5150,FJSC002,3360,"Jun 17, 2025 12:00 AM"
E5024,FJAP001,1643,"Jun 16, 2025 12:00 AM"
B5111,BTBC008,1656,"Jun 16, 2025 12:00 AM"
S5096,FJPDR01,228,"Jun 16, 2025 12:00 AM"
S5104,RMSC003,3001,"Jun 19, 2025 12:00 AM"
S5097,FJSL006,350,"Jun 17, 2025 12:00 AM"
S5100,RMSCN10,2481,"Jun 18, 2025 12:00 AM"
E5025,FJLM002,2002,"Jun 20, 2025 12:00 AM"
M5072,ADML000,1000,"Jun 18, 2025 12:00 AM"
M5073,ADML000,1000,"Jun 18, 2025 12:00 AM"
M5074,ADML000,1000,"Jun 18, 2025 12:00 AM"
S5101,RMSCN10,5040,"Jun 18, 2025 12:00 AM"
M5075,ADML000,1000,"Jun 19, 2025 12:00 AM"
M5076,ADML000,1000,"Jun 19, 2025 12:00 AM"
S5102,RMSCN10,4661,"Jun 19, 2025 12:00 AM"
S5150,FJSC002,3003,"Jun 19, 2025 12:00 AM"
C5151,FJCR004,3353,"Jun 24, 2025 12:00 AM"
C5146,FJMK007,5151,"Jun 20, 2025 12:00 AM"
E5023,FJES001,336,"Jun 19, 2025 12:00 AM"
B5118,RPBC004,1967,"Jun 19, 2025 12:00 AM"
S5106,FJSL001,1110,"Jun 20, 2025 12:00 AM"
B5114,BTBC004,1216,"Jun 20, 2025 12:00 AM"
B5115,BTBC004,701,"Jun 20, 2025 12:00 AM"
E5027,AOHSR00,904,"Jun 20, 2025 12:00 AM"
S5097,FJSL006,1369,"Jun 23, 2025 12:00 AM"
C5149,FJFC004,752,"Jun 23, 2025 12:00 AM"
C5148,FJFC003,564,"Jun 24, 2025 12:00 AM"
S5107,FJSL001,1973,"Jun 23, 2025 12:00 AM"
B5119,AOBC004,631,"Jun 23, 2025 12:00 AM"
M5077,AOBL004,747,"Jun 23, 2025 12:00 AM"
E5026,FJAP005,864,"Jun 23, 2025 12:00 AM"
C5149,FJFC004,2423,"Jun 24, 2025 12:00 AM"
C5152,FJMK004,204,"Jun 27, 2025 12:00 AM"
H5040,CCHP001,1344,"Jun 30, 2025 12:00 AM"
B5113,ILWS002,3000,"Jun 25, 2025 12:00 AM"
C5148,FJFC003,3583,"Jun 25, 2025 12:00 AM"
C5131,FJBB001,192,"Jun 25, 2025 12:00 AM"
M5078,AOBL000,684,"Jun 25, 2025 12:00 AM"
M5079,AOBL000,684,"Jun 25, 2025 12:00 AM"
H5038,AORS000,694,"Jun 25, 2025 12:00 AM"
B5120,SBMPR07,965,"Jun 25, 2025 12:00 AM"
E5023,FJES001,336,"Jun 26, 2025 12:00 AM"
B5121,ILWS004,3000,"Jun 27, 2025 12:00 AM"
E5023,FJES001,1372,"Jun 24, 2025 12:00 AM"
S5108,RRBM004,1680,"Jun 25, 2025 12:00 AM"
H5040,CCHPM01,3150,"Jun 27, 2025 12:00 AM"
S5041,CCSPM04,3150,"Jun 26, 2025 12:00 AM"
C5131,FJBB001,480,"Jun 26, 2025 12:00 AM"
S5108,RRBM004,368,"Jun 26, 2025 12:00 AM"
S5110,RRBM006,2014,"Jun 26, 2025 12:00 AM"
S5111,RRBM001,2061,"Jun 26, 2025 12:00 AM"
B5123,BTBO001,1190,"Jun 26, 2025 12:00 AM"
M5080,ADML000,1010,"Jun 26, 2025 12:00 AM"
B5117,PDBC004,948,"Jun 26, 2025 12:00 AM"
M5081,ADML000,430,"Jun 26, 2025 12:00 AM"
B5122,PDIR003,1714,"Jun 26, 2025 12:00 AM"
B5116,RABD2T1,1256,"Jun 27, 2025 12:00 AM"
E5023,FJES001,630,"Jun 27, 2025 12:00 AM"
H5041,CCSP004,1687,"Jun 27, 2025 12:00 AM"
B5127,PDIR004,2043,"Jun 27, 2025 12:00 AM"
M5081,ADML000,580,"Jun 27, 2025 12:00 AM"
M5082,ADML000,1010,"Jun 27, 2025 12:00 AM"
M5083,ADML000,1010,"Jun 27, 2025 12:00 AM"
C5152,FJMK004,4304,"Jun 30, 2025 12:00 AM"
E5025,FJLM002,1144,"Jun 30, 2025 12:00 AM"
S5114,RRBM002,480,"Jun 30, 2025 12:00 AM"
S5112,RRBM010,2064,"Jun 30, 2025 12:00 AM"
B5126,PDIR005,1659,"Jun 30, 2025 12:00 AM"
S5113,BDFS001,1163,"Jun 30, 2025 12:00 AM"
M5084,ADML000,1002,"Jun 30, 2025 12:00 AM"
H5040,CCHP001,2032,"Jul 1, 2025 12:00 AM"
S5114,RRBM002,2073,"Jul 1, 2025 12:00 AM"
S5115,FJSL001,1935,"Jul 2, 2025 12:00 AM"
E5028,FJWE001,4284,"Jul 3, 2025 12:00 AM"
S5116,FJSL001,1935,"Jul 2, 2025 12:00 AM"
H5042,AORS000,72,"Jul 3, 2025 12:00 AM"
S5117,PDHM002,919,"Jul 3, 2025 12:00 AM"
M5085,RMBL001,1005,"Jul 3, 2025 12:00 AM"
C5164,FJCR002,480,"Jul 8, 2025 12:00 AM"
C5155,KBCR001,2778,"Jul 4, 2025 12:00 AM"
C5155,KBCR001,995,"Jul 7, 2025 12:00 AM"
B5124,BTBC007,2022,"Jul 4, 2025 12:00 AM"
B5129,RPBC001,968,"Jul 4, 2025 12:00 AM"
B5130,RPBC006,969,"Jul 4, 2025 12:00 AM"
B5128,NPBC005,1296,"Jul 4, 2025 12:00 AM"
B5168,ILWS009,10000,"Aug 26, 2025 12:00 AM"
,CCHPB01,895,"Jul 7, 2025 12:00 AM"
C5153,KBCR006,1200,"Jul 16, 2025 12:00 AM"
B5131,RPBC008,972,"Jul 7, 2025 12:00 AM"
B5132,PDBC001,2335,"Jul 7, 2025 12:00 AM"
H5044,AOSP002,630,"Jul 7, 2025 12:00 AM"
H5042,AORS000,616,"Jul 7, 2025 12:00 AM"
B5133,PDIR011,953,"Jul 8, 2025 12:00 AM"
B5134,PDIR012,721,"Jul 8, 2025 12:00 AM"
H5044,AOSP002,1318,"Jul 8, 2025 12:00 AM"
C5166,FJMK008,1001,"Jul 14, 2025 12:00 AM"
E5029,FJAP003,1548,"Jul 11, 2025 12:00 AM"
YA001,FJMK5T1,480,"Jul 18, 2025 12:00 AM"
B5140,ILMT001,3000,"Jul 11, 2025 12:00 AM"
S5119,FJSL001,1950,"Jul 11, 2025 12:00 AM"
C5164,FJCR002,1520,"Jul 9, 2025 12:00 AM"
C5165,FJCR002,7543,"Jul 9, 2025 12:00 AM"
B5136,BTBCM09,3150,"Jul 9, 2025 12:00 AM"
S5123,FJSL002,1950,"Jul 14, 2025 12:00 AM"
E5030,PDHS001,1014,"Jul 16, 2025 12:00 AM"
B5138,ILWS001,1620,"Jul 10, 2025 12:00 AM"
S5120,FJSL001,1950,"Jul 11, 2025 12:00 AM"
S5122,FJSL001,1500,"Jul 11, 2025 12:00 AM"
B5138,ILWS001,1380,"Jul 11, 2025 12:00 AM"
B5140,ILMT001,3000,"Jul 11, 2025 12:00 AM"
B5139,ILWS008,2160,"Jul 11, 2025 12:00 AM"
S5127,FJCO001,4200,"Jul 15, 2025 12:00 AM"
B5139,ILWS008,840,"Jul 14, 2025 12:00 AM"
S5126,FJSL007,999,"Jul 15, 2025 12:00 AM"
S5118,FJPDR01,465,"Jul 14, 2025 12:00 AM"
S5125,FJSL001,1844,"Jul 14, 2025 12:00 AM"
S5124,FJSL002,1650,"Jul 14, 2025 12:00 AM"
H5045,CCATR01,1920,"Jul 14, 2025 12:00 AM"
C5166,FJMK008,2560,"Jul 15, 2025 12:00 AM"
C5131,FJBB001,1050,"Jul 15, 2025 12:00 AM"
C5167,FJCR002,2880,"Jul 16, 2025 12:00 AM"
C5170,FJFC003,3666,"Jul 21, 2025 12:00 AM"
C5153,KBCR006,1695,"Jul 17, 2025 12:00 AM"
B5143,SBMPR02,1066,"Jul 16, 2025 12:00 AM"
B5144,SBMPR03,1080,"Jul 16, 2025 12:00 AM"
S5127,FJCO001,1239,"Jul 16, 2025 12:00 AM"
B5145,SBMPR07,1956,"Jul 17, 2025 12:00 AM"
C5167,FJCR002,7980,"Jul 17, 2025 12:00 AM"
C5168,FJCR002,4340,"Jul 17, 2025 12:00 AM"
C5169,FJCR008,300,"Jul 28, 2025 12:00 AM"
C5156,FJMK005,231,"Jul 18, 2025 12:00 AM"
C5162,FJFC002,5485,"Jul 22, 2025 12:00 AM"
S5128,RRBM001,2066,"Jul 18, 2025 12:00 AM"
S5121,RRBM004,2057,"Jul 18, 2025 12:00 AM"
S5130,RRBM012,2078,"Jul 21, 2025 12:00 AM"
S5129,RRBM006,851,"Jul 21, 2025 12:00 AM"
C5172,FJBF001,2170,"Jul 21, 2025 12:00 AM"
C5163,FJFC002,5569,"Jul 23, 2025 12:00 AM"
B5150,ILMT002,3000,"Jul 23, 2025 12:00 AM"
C5175,FJPGM02,6487,"Jul 24, 2025 12:00 AM"
B5147,BTBO001,1742,"Jul 22, 2025 12:00 AM"
B5141,AJBC002,1320,"Jul 22, 2025 12:00 AM"
B5142,AJBC002,1320,"Jul 22, 2025 12:00 AM"
B5149,AJBC002,355,"Jul 22, 2025 12:00 AM"
C5172,FJBF001,2677,"Jul 22, 2025 12:00 AM"
B5151,ILWS001,3000,"Jul 24, 2025 12:00 AM"
C5156,FJMK005,1848,"Jul 24, 2025 12:00 AM"
C5177,FJBB001,7978,"Jul 25, 2025 12:00 AM"
S5131,FJCW001,3283,"Jul 24, 2025 12:00 AM"
C5174,FJCR003,2205,"Jul 29, 2025 12:00 AM"
S5132,MLDMB01,930,"Jul 24, 2025 12:00 AM"
C5156,FJMK005,2510,"Jul 25, 2025 12:00 AM"
S5131,FJCW001,3283,"Jul 25, 2025 12:00 AM"
B5150,ILMT002,780,"Jul 25, 2025 12:00 AM"
S5134,FJSL004,2100,"Jul 25, 2025 12:00 AM"
C5179,FJCB002,2088,"Aug 4, 2025 12:00 AM"
C5178,FJSM001,685,"Jul 29, 2025 12:00 AM"
S5135,FJSL004,1686,"Jul 28, 2025 12:00 AM"
S5133,MLDMB10,987,"Jul 25, 2025 12:00 AM"
S5132,MLDMB01,81,"Jul 25, 2025 12:00 AM"
C5176,FJCR009,5580,"Jul 29, 2025 12:00 AM"
M5088,AOBL000,670,"Jul 28, 2025 12:00 AM"
M5092,AOBL000,340,"Jul 28, 2025 12:00 AM"
,FJCR008,5911,"Jul 28, 2025 12:00 AM"
C5167,FJCR002,4153,"Jul 29, 2025 12:00 AM"
C5176,FJCRM09,8000,"Jul 28, 2025 12:00 AM"
B5146,AOBC005,1029,"Jul 28, 2025 12:00 AM"
H5049,AOSP000,1711,"Jul 28, 2025 12:00 AM"
B5150,ILMT002,2220,"Jul 29, 2025 12:00 AM"
C5173,FJCR006,2790,"Aug 8, 2025 12:00 AM"
S5136,FJSL001,1940,"Aug 4, 2025 12:00 AM"
H5048,AOSP002,1957,"Jul 29, 2025 12:00 AM"
B5152,AOBC000,660,"Jul 29, 2025 12:00 AM"
H5050,CCHPB01,1664,"Jul 29, 2025 12:00 AM"
C5174,FJCR003,3011,"Aug 4, 2025 12:00 AM"
C5171,FJFC004,1504,"Aug 4, 2025 12:00 AM"
H5052,VMSP005,1000,"Aug 5, 2025 12:00 AM"
B5154,MLHW003,963,"Aug 4, 2025 12:00 AM"
B5152,AOBC000,640,"Aug 4, 2025 12:00 AM"
B5153,NPBC001,1104,"Aug 4, 2025 12:00 AM"
S5142,FJSL001,1940,"Aug 4, 2025 12:00 AM"
S5137,RMSCN10,5976,"Aug 6, 2025 12:00 AM"
C5171,FJFC004,1450,"Aug 5, 2025 12:00 AM"
B5155,PDIR002,2052,"Aug 5, 2025 12:00 AM"
B5156,PDIR003,1731,"Aug 5, 2025 12:00 AM"
M5093,ADML000,1000,"Aug 5, 2025 12:00 AM"
M5094,ADML000,601,"Aug 5, 2025 12:00 AM"
B5147,BTBO001,600,"Aug 6, 2025 12:00 AM"
M5096,ADML000,1000,"Aug 6, 2025 12:00 AM"
S5138,RMSCN10,2268,"Aug 7, 2025 12:00 AM"
S5141,BRSCN10,4717,"Aug 8, 2025 12:00 AM"
E5027,AOHSR00,755,"Aug 6, 2025 12:00 AM"
S5138,RMSCN10,3968,"Aug 6, 2025 12:00 AM"
M5098,ADML000,578,"Aug 7, 2025 12:00 AM"
M5099/100,ADML000,1157,"Aug 7, 2025 12:00 AM"
M5101,ADML000,577,"Aug 7, 2025 12:00 AM"
H5053,VMRS005,515,"Aug 8, 2025 12:00 AM"
S5145,FJSL001,1926,"Aug 12, 2025 12:00 AM"
S5139,RMSCN10,6000,"Aug 7, 2025 12:00 AM"
S5140,RMSCN10,4137,"Aug 7, 2025 12:00 AM"
C5180,FJBB001,3971,"Aug 12, 2025 12:00 AM"
S5140,RMSCN10,1781,"Aug 8, 2025 12:00 AM"
B5158,HFHW001,1620,"Aug 8, 2025 12:00 AM"
B5159,HFHW002,1080,"Aug 8, 2025 12:00 AM"
S5143,FJSL001,1260,"Aug 8, 2025 12:00 AM"
C5173,FJCR006,2685,"Aug 11, 2025 12:00 AM"
E5032,FJES001,2016,"Aug 20, 2025 12:00 AM"
B5159,HFHW002,1070,"Aug 11, 2025 12:00 AM"
B5161,HFHW003,1271,"Aug 11, 2025 12:00 AM"
C5184,FJFC002,2646,"Aug 14, 2025 12:00 AM"
S5143,FJSL001,680,"Aug 11, 2025 12:00 AM"
S5144,FJSL001,1470,"Aug 11, 2025 12:00 AM"
E5031,FJAP001,1636,"Aug 11, 2025 12:00 AM"
S5153,FJSL006,2050,"Aug 18, 2025 12:00 AM"
B5163,PDIR007,1360,"Aug 12, 2025 12:00 AM"
B5162,FJCL001,2620,"Aug 12, 2025 12:00 AM"
C5180,FJBB001,4229,"Aug 13, 2025 12:00 AM"
C5102,FJEC006,3696,"Aug 13, 2025 12:00 AM"
C5170,FJFC004,72,"Aug 13, 2025 12:00 AM"
,FJFC003,13,"Aug 13, 2025 12:00 AM"
C5192,FJMK006,5324,"Aug 27, 2025 12:00 AM"
S5151,MLDM033,1010,"Aug 13, 2025 12:00 AM"
S5149,RRBM004,1349,"Aug 13, 2025 12:00 AM"
C5181,FJBB001,5867,"Aug 13, 2025 12:00 AM"
B5163,PDIR007,1710,"Aug 13, 2025 12:00 AM"
S5150,MLDM034,210,"Aug 13, 2025 12:00 AM"
S5154,FJSL002,2100,"Aug 19, 2025 12:00 AM"
C5102,FJEC006,672,"Aug 14, 2025 12:00 AM"
C5181,FJBB001,2333,"Aug 14, 2025 12:00 AM"
E5021,FJLO001,455,"Aug 14, 2025 12:00 AM"
C5186,BBHC024,13266,"Aug 18, 2025 12:00 AM"
C5182,FJBB001,3232,"Aug 14, 2025 12:00 AM"
C5184,FJFC002,2430,"Aug 18, 2025 12:00 AM"
C5189,BBHC025,13326,"Aug 18, 2025 12:00 AM"
C5184,FJFC002,408,"Aug 19, 2025 12:00 AM"
H5054,CCAB001,327,"Aug 20, 2025 12:00 AM"
C5185,FJFC002,5916,"Aug 19, 2025 12:00 AM"
C5195,FJCR005,3900,"Aug 21, 2025 12:00 AM"
C5196,FJCR002,4500,"Aug 21, 2025 12:00 AM"
C5196,FJCRT02,3698,"Aug 22, 2025 12:00 AM"
C5190,BBHC023,10500,"Aug 20, 2025 12:00 AM"
S5155,FJSL002,1080,"Aug 19, 2025 12:00 AM"
E5033,AOHSR00,5389,"Aug 19, 2025 12:00 AM"
C5191,BBHC023,9820,"Aug 20, 2025 12:00 AM"
B5166,ILWS007,3000,"Aug 20, 2025 12:00 AM"
S5156,FJSL001,1950,"Aug 22, 2025 12:00 AM"
H5055,CCRS001,1045,"Aug 20, 2025 12:00 AM"
S5155,FJSL002,1161,"Aug 20, 2025 12:00 AM"
H5054,CCAB001,327,"Aug 20, 2025 12:00 AM"
E5032,FJES001,1316,"Aug 21, 2025 12:00 AM"
S5159,FJSL007,3584,"Aug 25, 2025 12:00 AM"
S5153,MLDMB02,817,"Aug 21, 2025 12:00 AM"
S5157,FJSL001,1950,"Aug 22, 2025 12:00 AM"
S5158,FJSL001,1710,"Aug 22, 2025 12:00 AM"
C5197,FJCRT02,2770,"Aug 22, 2025 12:00 AM"
B5199,FJOF001,540,"Aug 29, 2025 12:00 AM"
C5197,FJCRT02,5645,"Aug 25, 2025 12:00 AM"
B5269,BTBC006,990,"Aug 25, 2025 12:00 AM"
B5270,BTBC006,270,"Aug 25, 2025 12:00 AM"
C5197,FJCRT02,3804,"Aug 26, 2025 12:00 AM"
C5200,KBCR005,3730,"Aug 29, 2025 12:00 AM"
S5162,FJSL001,1950,"Sep 1, 2025 12:00 AM"
M5104,ADMLM00,10314,"Aug 27, 2025 12:00 AM"
S5160,DBMT001,96,"Aug 27, 2025 12:00 AM"
B5201,AOBC000,480,"Aug 27, 2025 12:00 AM"
M5103,AOBL000,409,"Aug 27, 2025 12:00 AM"
B5167,ILWS004,3000,"Aug 28, 2025 12:00 AM"
E5031,FJLO001,819,"Aug 28, 2025 12:00 AM"
C5102,FJEC006,4800,"Aug 28, 2025 12:00 AM"
B5173,BTBC010,990,"Aug 28, 2025 12:00 AM"
B5174,BTBC010,991,"Aug 28, 2025 12:00 AM"
E5031,FJLO001,2328,"Aug 29, 2025 12:00 AM"
C5188,FJEC006,481,"Aug 29, 2025 12:00 AM"
B5204,KBOW002,503,"Sep 1, 2025 12:00 AM"
S5166,FJSL002,1200,"Sep 2, 2025 12:00 AM"
C5203,FJFC002,5292,"Sep 3, 2025 12:00 AM"
B5202,BTBC004,1000,"Aug 29, 2025 12:00 AM"
B5203,BTBC004,661,"Aug 29, 2025 12:00 AM"
H5057,CCHPB01,576,"Aug 29, 2025 12:00 AM"
E5031,FJLO001,819,"Sep 1, 2025 12:00 AM"
C5202,FJFC004,3149,"Sep 1, 2025 12:00 AM"
C5205,FJPGM02,2646,"Sep 5, 2025 12:00 AM"
C5201,FJFC003,2159,"Sep 2, 2025 12:00 AM"
H5056,CCHPB01,363,"Sep 1, 2025 12:00 AM"
H5057,CCHPB01,940,"Sep 1, 2025 12:00 AM"
B5207,NPBC004,1314,"Sep 1, 2025 12:00 AM"
S5163,FJSL001,1200,"Sep 1, 2025 12:00 AM"
S5161,MLDMB01,474,"Sep 1, 2025 12:00 AM"
H5060,AOSP003,916,"Sep 2, 2025 12:00 AM"
S5163,FJSL001,750,"Sep 2, 2025 12:00 AM"
S5164,FJSL001,1950,"Sep 2, 2025 12:00 AM"
1200,FJSL002,1200,"Sep 2, 2025 12:00 AM"
S5160,DBMT001,3000,"Sep 2, 2025 12:00 AM"
C5206,FJCR002,5760,"Sep 3, 2025 12:00 AM"
S5165,FJSL001,1950,"Sep 2, 2025 12:00 AM"
S5158,FJSL001,453,"Sep 2, 2025 12:00 AM"
H5058,VMSP006,480,"Sep 2, 2025 12:00 AM"
C5182/3,FJBB001,2160,"Sep 10, 2025 12:00 AM"
B5205,AOBC000,1310,"Sep 3, 2025 12:00 AM"
H5059,AOSP000,1325,"Sep 3, 2025 12:00 AM"
S5166,FJSL002,979,"Sep 3, 2025 12:00 AM"
B5199,FJOF001,1531,"Sep 3, 2025 12:00 AM"
B5203,BTBC004,305,"Sep 3, 2025 12:00 AM"
C5203,FJFC002,2646,"Sep 4, 2025 12:00 AM"
S5178,MLPF008,566,"Sep 19, 2025 12:00 AM"
S5179,MLPF009,568,"Sep 19, 2025 12:00 AM"
S5176,MLPF007,565,"Sep 19, 2025 12:00 AM"
S5175,MLPF006,525,"Sep 19, 2025 12:00 AM"
YA001,FJMK5T1,480,"Sep 4, 2025 12:00 AM"
C5182,FJBB001,265,"Sep 4, 2025 12:00 AM"
C5206,FJCR002,2240,"Sep 4, 2025 12:00 AM"
C5207,FJCR002,6140,"Sep 4, 2025 12:00 AM"
B5208,BTBC007,1010,"Sep 4, 2025 12:00 AM"
B5209,BTBC007,320,"Sep 4, 2025 12:00 AM"
C5204,FJFC002,3244,"Sep 5, 2025 12:00 AM"
H5061,AJSP002,636,"Sep 5, 2025 12:00 AM"
B5212,PDIR005,1400,"Sep 5, 2025 12:00 AM"
M5105,AOBL000,670,"Sep 5, 2025 12:00 AM"
M5106,AOBL000,670,"Sep 5, 2025 12:00 AM"
B5210,BTBC006,345,"Sep 5, 2025 12:00 AM"
B5209,BTBC007,143,"Sep 5, 2025 12:00 AM"
H5061,AJSP002,362,"Sep 8, 2025 12:00 AM"
H5062,AJSP002,999,"Sep 8, 2025 12:00 AM"
C5208,FJEC001,3816,"Sep 17, 2025 12:00 AM"
B5171,BTBC005,966,"Aug 26, 2025 12:00 AM"
B5270,BTBC006,678,"Aug 26, 2025 12:00 AM"
S5159,FJSL007,1835,"Aug 26, 2025 12:00 AM"
B5211,MLHW002,975,"Sep 8, 2025 12:00 AM"
S5173,FJSL002,1710,"Sep 11, 2025 12:00 AM"
B5214,AJBC002,1320,"Sep 8, 2025 12:00 AM"
B5216,AJBC002,312,"Sep 8, 2025 12:00 AM"
S5169,RRBM002,2740,"Sep 8, 2025 12:00 AM"
C5209,FJSM001,297,"Sep 11, 2025 12:00 AM"
C5205,FJPGM02,3186,"Sep 9, 2025 12:00 AM"
S5169,RRBM002,1708,"Sep 9, 2025 12:00 AM"
S5168,RRBM001,4442,"Sep 9, 2025 12:00 AM"
B5215,AJBC002,1377,"Sep 9, 2025 12:00 AM"
H5063,AOSPM00,302,"Sep 9, 2025 12:00 AM"
H5063,AOSP000,288,"Sep 9, 2025 12:00 AM"
C5205,FJPGM02,654,"Sep 10, 2025 12:00 AM"
S5149,RRBM004,1500,"Sep 10, 2025 12:00 AM"
S5171,RRBM004,4674,"Sep 10, 2025 12:00 AM"
B5217,SBMPR07,1968,"Sep 10, 2025 12:00 AM"
B5218,SBMPR05,964,"Sep 10, 2025 12:00 AM"
C5182,FJBB001,2431,"Sep 11, 2025 12:00 AM"
S5152,FJXX3T1,120,"Sep 11, 2025 12:00 AM"
C5213,WMPK001,432,"Sep 19, 2025 12:00 AM"
H5065,CCAO001,2162,"Sep 11, 2025 12:00 AM"
S5170,FJSL004,1983,"Sep 11, 2025 12:00 AM"
S5172,FJSL004,1984,"Sep 11, 2025 12:00 AM"
H5064,CCATR01,2058,"Sep 11, 2025 12:00 AM"
S5173,FJSL002,340,"Sep 12, 2025 12:00 AM"
C5209,FJSM001,1881,"Sep 12, 2025 12:00 AM"
E5035,PDHS005,305,"Sep 12, 2025 12:00 AM"
,FJBB001,4032,"Sep 12, 2025 12:00 AM"
E5034,PDHS003,313,"Sep 12, 2025 12:00 AM"
S5184,RMSCN10,2304,"Sep 18, 2025 12:00 AM"
,FJBB001,2117,"Sep 15, 2025 12:00 AM"
,FJFC003,196,"Sep 15, 2025 12:00 AM"
,FJMK5T1,528,"Sep 15, 2025 12:00 AM"
,FJFC004,18,"Sep 15, 2025 12:00 AM"
,FJFC005,9,"Sep 15, 2025 12:00 AM"
,FJXX3T1,84,"Sep 15, 2025 12:00 AM"
B5119,AOBC004,589,"Sep 15, 2025 12:00 AM"
M5086,AOBL004,680,"Sep 15, 2025 12:00 AM"
M5087,AOBL004,680,"Sep 15, 2025 12:00 AM"
H5060,AOSP003,105,"Sep 15, 2025 12:00 AM"
B5208,BTBC007,112,"Sep 15, 2025 12:00 AM"
B5119,AOBC004,96,"Sep 12, 2025 12:00 AM"
H5066,AOSP000,1352,"Sep 12, 2025 12:00 AM"
S5174,FJSL002,2050,"Sep 12, 2025 12:00 AM"
S5167,FJSL002,2060,"Sep 12, 2025 12:00 AM"
S5182,RRBM013,1020,"Sep 16, 2025 12:00 AM"
S5180,RRBM006,1000,"Sep 16, 2025 12:00 AM"
S5181,RRBM011,2079,"Sep 16, 2025 12:00 AM"
B5209,BTBC007,489,"Sep 16, 2025 12:00 AM"
B5209,BTBC006,488,"Sep 16, 2025 12:00 AM"
B5209,BTBC006,155,"Sep 17, 2025 12:00 AM"
H5067,AORS000,695,"Sep 17, 2025 12:00 AM"
H5068,AORS000,696,"Sep 17, 2025 12:00 AM"
M5107,AOBL000,701,"Sep 17, 2025 12:00 AM"
M5108,AOBL000,701,"Sep 17, 2025 12:00 AM"
M5110,AOBL002,540,"Sep 17, 2025 12:00 AM"
S5184,RMSCN10,3898,"Sep 19, 2025 12:00 AM"
S5187,PDHM001,462,"Sep 19, 2025 12:00 AM"
C5214,MLPG005,2907,"Sep 30, 2025 12:00 AM"
E5036,FJLM001,1144,"Oct 1, 2025 12:00 AM"
B5220,NPBC009,1306,"Sep 19, 2025 12:00 AM"
B5223,BTBC005,630,"Sep 19, 2025 12:00 AM"
S5185,RMSCN10,1358,"Sep 19, 2025 12:00 AM"
C5213,WMPK001,2075,"Sep 22, 2025 12:00 AM"
S5185,RMSCN10,4920,"Sep 22, 2025 12:00 AM"
E5037,FJLM002,2574,"Oct 2, 2025 12:00 AM"
S5189,BRSCN10,2520,"Sep 26, 2025 12:00 AM"
S5186,RMSCN10,5846,"Sep 23, 2025 12:00 AM"
H5069,AORS004,676,"Sep 22, 2025 12:00 AM"
M5111,AOBL000,702,"Sep 22, 2025 12:00 AM"
M5112,AOBL000,702,"Sep 22, 2025 12:00 AM"
H5070,VMRS005,519,"Sep 24, 2025 12:00 AM"
E5038,PTLM001,7150,"Sep 25, 2025 12:00 AM"
B5221,BTBC006,911,"Sep 23, 2025 12:00 AM"
B5222,BTBC006,911,"Sep 23, 2025 12:00 AM"
B5223,BTBC005,376,"Sep 23, 2025 12:00 AM"
B5224,BTBC005,1006,"Sep 23, 2025 12:00 AM"
S5188,RMSCN10,154,"Sep 23, 2025 12:00 AM"
S5188,RMSCN10,6142,"Sep 24, 2025 12:00 AM"
S5190,RMSCN10,196,"Sep 24, 2025 12:00 AM"
S5186,RMSCN10,202,"Sep 22, 2025 12:00 AM"
B5233,AOBC004,560,"Sep 24, 2025 12:00 AM"
B5234,AOBC004,420,"Sep 24, 2025 12:00 AM"
C5209,FJSM001,4950,"Sep 29, 2025 12:00 AM"
B5231,ILWS004,1440,"Sep 25, 2025 12:00 AM"
B5234,AOBC004,893,"Sep 25, 2025 12:00 AM"
B5235,PDIR011,1022,"Sep 25, 2025 12:00 AM"
C5215,PTFC001,2171,"Sep 30, 2025 12:00 AM"
,ILWS007,3000,"Sep 26, 2025 12:00 AM"
,PDIR006,984,"Sep 26, 2025 12:00 AM"
B5238,SBMPR07,1970,"Sep 26, 2025 12:00 AM"
,PDIR012,1050,"Sep 26, 2025 12:00 AM"
B5239,SBMPR07,522,"Sep 26, 2025 12:00 AM"
S5189,BRSCN10,2361,"Sep 29, 2025 12:00 AM"
C5209,FJSM001,2725,"Sep 30, 2025 12:00 AM"
B5240,SBMPR02,978,"Sep 29, 2025 12:00 AM"
B5241,SBMPR05,978,"Sep 29, 2025 12:00 AM"
B5226,BTBC007,448,"Sep 29, 2025 12:00 AM"
B5242,AOWS000,254,"Sep 30, 2025 12:00 AM"
E5012,FJLO001,546,"Sep 30, 2025 12:00 AM"
B5229,BTBC010,993,"Sep 30, 2025 12:00 AM"
B5230,BTBC010,993,"Sep 30, 2025 12:00 AM"
B5199,FJOF001,291,"Sep 30, 2025 12:00 AM"
S5191,FJSL006,1934,"Oct 2, 2025 12:00 AM"
B5228,BTBC009,1014,"Sep 30, 2025 12:00 AM"
E5012,FJLO001,819,"Oct 1, 2025 12:00 AM"
C5219,KBCR004,1940,"Oct 14, 2025 12:00 AM"
C5220,FJMK005,3955,"Oct 14, 2025 12:00 AM"
B5244,SBMPR03,578,"Oct 1, 2025 12:00 AM"
B5245,BTBO002,2211,"Oct 1, 2025 12:00 AM"
B5246,MLHW003,1539,"Oct 1, 2025 12:00 AM"
S4223,FJCO002,141,"Oct 1, 2025 12:00 AM"
E5036,FJLM001,1430,"Oct 2, 2025 12:00 AM"
B5247,NPBC002,1329,"Oct 2, 2025 12:00 AM"
B5248,NPBC006,1305,"Oct 2, 2025 12:00 AM"
,FJLM001,2155,"Oct 10, 2025 12:00 AM"
E5037,FJLM002,3970,"Oct 13, 2025 12:00 AM"
B5254,KBOW005,493,"Oct 16, 2025 12:00 AM"
H5071,VMSP005,920,"Oct 21, 2025 12:00 AM"
S5152/C5173/C5188,FJXX3T1,108,"Oct 13, 2025 12:00 AM"
C5221,FJCR002,5040,"Oct 15, 2025 12:00 AM"
B5252,FJCL001,4946,"Oct 10, 2025 12:00 AM"
B5249,BTBC004,1020,"Oct 13, 2025 12:00 AM"
B5253,BTBC004,100,"Oct 13, 2025 12:00 AM"
M5113,ADML000,1010,"Oct 13, 2025 12:00 AM"
M5114,ADML000,190,"Oct 13, 2025 12:00 AM"
S5192,FJSL001,510,"Oct 17, 2025 12:00 AM"
M5114,ADML000,820,"Oct 14, 2025 12:00 AM"
M5115,ADML000,1010,"Oct 14, 2025 12:00 AM"
M5116,ADML000,1010,"Oct 14, 2025 12:00 AM"
B5255,NPBC008,1296,"Oct 14, 2025 12:00 AM"
B5256,MLHW001,956,"Oct 14, 2025 12:00 AM"
B5253,BTBC004,533,"Oct 14, 2025 12:00 AM"
M5117,ADML000,1066,"Oct 15, 2025 12:00 AM"
H5072,PDSP005,494,"Oct 15, 2025 12:00 AM"
S5195,MLDM033,1066,"Oct 15, 2025 12:00 AM"
C5151,FJCR004,2425,"Oct 20, 2025 12:00 AM"
S5196,MLDM032,1413,"Oct 16, 2025 12:00 AM"
H5072,CCHPB01,1071,"Oct 16, 2025 12:00 AM"
C5221,FJCR002,2800,"Oct 16, 2025 12:00 AM"
H5074,VMSP009,957,"Oct 21, 2025 12:00 AM"
M5118,KSCS000,2160,"Oct 21, 2025 12:00 AM"
S5194,FJSL001,1950,"Oct 17, 2025 12:00 AM"
S5194,FJSL001,1815,"Oct 17, 2025 12:00 AM"
B5260,MLHW004,420,"Oct 17, 2025 12:00 AM"
B5261,PDIR005,2039,"Oct 17, 2025 12:00 AM"
C5222,FJBF001,910,"Oct 17, 2025 12:00 AM"
C5224,FJCR003,1250,"Oct 21, 2025 12:00 AM"
H5076,CCCC001,457,"Oct 27, 2025 12:00 AM"
C5225,FJCR006,1437,"Oct 24, 2025 12:00 AM"
S5225/M5145,KSMXN2T,1042,"Dec 9, 2025 12:00 AM"
S5225/M5145,KSMXM2T,500,"Dec 9, 2025 12:00 AM"
S5197,MLDM036,518,"Oct 20, 2025 12:00 AM"
C5222,FJBF001,1661,"Oct 20, 2025 12:00 AM"
B5260,MLHW004,1257,"Oct 20, 2025 12:00 AM"
M5118,KSCL000,2229,"Oct 21, 2025 12:00 AM"
S5199,RRBM001,408,"Oct 21, 2025 12:00 AM"
C5224,FJCR003,3195,"Oct 22, 2025 12:00 AM"
C5224,FJCRM03,2700,"Oct 22, 2025 12:00 AM"
B5262,PDBC002,2218,"Oct 22, 2025 12:00 AM"
H5075,PDRS004,360,"Oct 22, 2025 12:00 AM"
B5263,NPBC005,864,"Oct 22, 2025 12:00 AM"
S5198,KSCS000,640,"Oct 22, 2025 12:00 AM"
B5264,SBMPR02,1961,"Oct 23, 2025 12:00 AM"
B5265,SBMPR03,956,"Oct 23, 2025 12:00 AM"
H5075,PDRS004,147,"Oct 23, 2025 12:00 AM"
B5263,NPBC005,457,"Oct 23, 2025 12:00 AM"
C5224,FJCR003,116,"Oct 23, 2025 12:00 AM"
B5269,ILWS002,3000,"Oct 24, 2025 12:00 AM"
B5272,ILWS008,3000,"Oct 24, 2025 12:00 AM"
E5039,FJAP001,1076,"Oct 24, 2025 12:00 AM"
B5266,SBMPR05,465,"Oct 24, 2025 12:00 AM"
B5268,NPBC001,1316,"Oct 24, 2025 12:00 AM"
C5226,FJCRM08,7723,"Oct 24, 2025 12:00 AM"
E5041,AOHE001,1076,"Oct 24, 2025 12:00 AM"
B5271,KBOW004,508,"Oct 27, 2025 12:00 AM"
H5078,AORS000,372,"Oct 27, 2025 12:00 AM"
E5040,AOHSR00,2196,"Oct 27, 2025 12:00 AM"
B5257,BTBC005,995,"Oct 27, 2025 12:00 AM"
B5258,BTBC005,995,"Oct 27, 2025 12:00 AM"
B5273,BTBC005,995,"Oct 27, 2025 12:00 AM"
B5259,BTBC007,125,"Oct 27, 2025 12:00 AM"
H5077,AOSPM00,523,"Oct 28, 2025 12:00 AM"
B5270,SBMPR07,1440,"Oct 28, 2025 12:00 AM"
H5077,AOSP000,1145,"Oct 28, 2025 12:00 AM"
H5080,AOSP000,776,"Oct 28, 2025 12:00 AM"
H5078,AORS000,323,"Oct 28, 2025 12:00 AM"
H5079,AORS000,695,"Oct 28, 2025 12:00 AM"
S5200,RRBM010,360,"Oct 28, 2025 12:00 AM"
B5270,SBMPR07,532,"Oct 29, 2025 12:00 AM"
H5080,AOSP000,497,"Oct 29, 2025 12:00 AM"
B5274,AOBC000,1314,"Oct 29, 2025 12:00 AM"
S5200,RRBM010,1699,"Oct 29, 2025 12:00 AM"
S5199,RRBM001,1620,"Oct 30, 2025 12:00 AM"
M5119,AOBL000,686,"Oct 30, 2025 12:00 AM"
S5201,RRBM012,2078,"Oct 30, 2025 12:00 AM"
H5054,CCAB001,1604,"Oct 30, 2025 12:00 AM"
S5205,RRBM002,2074,"Oct 31, 2025 12:00 AM"
C5231,FJEC006,2688,"Oct 31, 2025 12:00 AM"
S5206,RRBM004,2073,"Oct 31, 2025 12:00 AM"
B5278,AOBC004,994,"Oct 31, 2025 12:00 AM"
M5120,AOBL004,480,"Oct 31, 2025 12:00 AM"
M5122,AOBL003,746,"Oct 31, 2025 12:00 AM"
C5231,FJEC006,2063,"Nov 3, 2025 12:00 AM"
H5084,AORS004,540,"Nov 3, 2025 12:00 AM"
H5083,PDSP006,163,"Nov 3, 2025 12:00 AM"
M5120,AOBL004,685,"Nov 3, 2025 12:00 AM"
M5121,AOBL004,686,"Nov 3, 2025 12:00 AM"
B5278,AOBC004,1322,"Nov 3, 2025 12:00 AM"
E5043,TOAP001,527,"Nov 12, 2025 12:00 AM"
E5044,TOAP002,1093,"Nov 10, 2025 12:00 AM"
E5042,TOAP003,513,"Nov 10, 2025 12:00 AM"
C5201,FJFC003,1001,"Nov 4, 2025 12:00 AM"
B5281,RLBC002,1963,"Nov 4, 2025 12:00 AM"
M5123,RLBL001,1010,"Nov 4, 2025 12:00 AM"
M5124,RLBL001,1010,"Nov 4, 2025 12:00 AM"
S5207,RRBM013,1012,"Nov 4, 2025 12:00 AM"
H5085,PDSP006,379,"Nov 4, 2025 12:00 AM"
H5085,PDSPM06,511,"Nov 4, 2025 12:00 AM"
B5280,RLBC001,1488,"Nov 4, 2025 12:00 AM"
S5203,RRBM010,2049,"Nov 5, 2025 12:00 AM"
M5126,RLBL002,1006,"Nov 5, 2025 12:00 AM"
H5083,AOSP004,1104,"Nov 5, 2025 12:00 AM"
B5259,BTBC007,630,"Oct 24, 2025 12:00 AM"
M5131,ADML000,1010,"Nov 10, 2025 12:00 AM"
M5132,ADML000,1010,"Nov 10, 2025 12:00 AM"
E5045,PDHS002,394,"Nov 12, 2025 12:00 AM"
E5046,PDHS003,401,"Nov 12, 2025 12:00 AM"
E5047,PDHS005,403,"Nov 12, 2025 12:00 AM"
C5239,WMPK001,1680,"Nov 19, 2025 12:00 AM"
M5133,ADML000,1010,"Nov 11, 2025 12:00 AM"
B5283,BTBC004,1073,"Nov 11, 2025 12:00 AM"
B5284,BTBC004,1072,"Nov 11, 2025 12:00 AM"
B5287,PDBC001,2606,"Nov 11, 2025 12:00 AM"
B5285,BTBC007,1012,"Nov 11, 2025 12:00 AM"
B5286,BTBC007,878,"Nov 11, 2025 12:00 AM"
B5286,BTBC007,134,"Nov 12, 2025 12:00 AM"
B5259,BTBC007,214,"Nov 12, 2025 12:00 AM"
H5087,PDRS003,528,"Nov 12, 2025 12:00 AM"
H5084,AORS004,210,"Nov 12, 2025 12:00 AM"
M5134,ADML000,1010,"Nov 12, 2025 12:00 AM"
M5136,ADML000,1010,"Nov 12, 2025 12:00 AM"
C5240,FJBB002,1450,"Nov 17, 2025 12:00 AM"
E5048,FJES001,1680,"Nov 20, 2025 12:00 AM"
M5137,ADML000,1010,"Nov 13, 2025 12:00 AM"
M5138,ADML000,1010,"Nov 13, 2025 12:00 AM"
M5139,ADML000,920,"Nov 13, 2025 12:00 AM"
S5208,MLDM036,1016,"Nov 13, 2025 12:00 AM"
S5197,MLDM036,500,"Nov 13, 2025 12:00 AM"
B5291,AJBC002,1320,"Nov 13, 2025 12:00 AM"
B5292,AJBC002,1320,"Nov 17, 2025 12:00 AM"
B5293,AJBC002,346,"Nov 17, 2025 12:00 AM"
B5117,PDBC004,50,"Nov 17, 2025 12:00 AM"
B5294,PDBC004,999,"Nov 17, 2025 12:00 AM"
S5209,MLDM034,1004,"Nov 17, 2025 12:00 AM"
S5211,MLDM035,1007,"Nov 17, 2025 12:00 AM"
S5210,MLDM032,1008,"Nov 17, 2025 12:00 AM"
S5212,PDHM001,461,"Nov 18, 2025 12:00 AM"
S5213,PDHM003,458,"Nov 18, 2025 12:00 AM"
C5242,FJMK003,910,"Nov 20, 2025 12:00 AM"
H5095,VMRS005,499,"Dec 8, 2025 12:00 AM"
C5179,FJCB002,140,"Nov 18, 2025 12:00 AM"
B5295,PDIR004,2043,"Nov 18, 2025 12:00 AM"
C5141,PDBL001,540,"Nov 25, 2025 12:00 AM"
B5288,BTBC006,935,"Nov 18, 2025 12:00 AM"
H5088,AJSP002,480,"Nov 18, 2025 12:00 AM"
C5179,FJCB002,40,"Nov 19, 2025 12:00 AM"
C5245,FJCB002,849,"Nov 20, 2025 12:00 AM"
B5290,BTBC009,985,"Nov 19, 2025 12:00 AM"
B5296,PDIR007,1782,"Nov 19, 2025 12:00 AM"
B5289,BTBC008,348,"Nov 19, 2025 12:00 AM"
H5088,AJSP002,1320,"Nov 19, 2025 12:00 AM"
H5089,AJSP002,615,"Nov 19, 2025 12:00 AM"
M5140,ADMLM00,979,"Nov 19, 2025 12:00 AM"
C5239,WMPK001,5208,"Nov 20, 2025 12:00 AM"
H5092,AOSP000,384,"Nov 19, 2025 12:00 AM"
H5092,AOSP000,923,"Nov 20, 2025 12:00 AM"
H5093,AOSP000,1307,"Nov 20, 2025 12:00 AM"
H5077,AOSP000,34,"Nov 20, 2025 12:00 AM"
C5239,WMPK001,446,"Nov 21, 2025 12:00 AM"
C5244,FJCB002,853,"Nov 21, 2025 12:00 AM"
,KBOW003,498,"Nov 21, 2025 12:00 AM"
E5048,FJES001,1538,"Nov 21, 2025 12:00 AM"
S5216,RMSCN10,2300,"Nov 27, 2025 12:00 AM"
B5299,RPBC001,971,"Nov 21, 2025 12:00 AM"
H5096,AOSP002,1325,"Nov 21, 2025 12:00 AM"
E5048,FJES001,168,"Nov 24, 2025 12:00 AM"
C5239,WMPK001,664,"Nov 24, 2025 12:00 AM"
C5245,FJCB002,910,"Nov 24, 2025 12:00 AM"
S5214,BRSCN10,1680,"Nov 24, 2025 12:00 AM"
H5090,PDRS004,360,"Nov 21, 2025 12:00 AM"
B5297,AOBC000,1315,"Nov 21, 2025 12:00 AM"
B5298,AOBC000,1316,"Nov 21, 2025 12:00 AM"
H5090,PDRS004,167,"Nov 24, 2025 12:00 AM"
H5091,PDRS004,527,"Nov 24, 2025 12:00 AM"
H5094,CCHPB01,664,"Nov 24, 2025 12:00 AM"
C5246,FJCR006,1080,"Nov 25, 2025 12:00 AM"
S5214,BRSCN10,3383,"Nov 25, 2025 12:00 AM"
H5094,CCHPB01,993,"Nov 25, 2025 12:00 AM"
C5246,FJCR006,3780,"Nov 26, 2025 12:00 AM"
C5247,FJMK003,1771,"Dec 10, 2025 12:00 AM"
B5300,RPBC002,970,"Nov 25, 2025 12:00 AM"
H5100,VMSP006,167,"Nov 25, 2025 12:00 AM"
H5097,AORS000,480,"Nov 25, 2025 12:00 AM"
H5099,VMSP005,970,"Dec 4, 2025 12:00 AM"
C5239,FJFC005,705,"Dec 9, 2025 12:00 AM"
M5142,PDBL001,482,"Nov 26, 2025 12:00 AM"
B5301,SBMPR07,1974,"Nov 26, 2025 12:00 AM"
H5098,AORS000,1390,"Nov 26, 2025 12:00 AM"
C5246,FJCR006,3780,"Nov 28, 2025 12:00 AM"
C5248,FJCRT02,1000,"Nov 28, 2025 12:00 AM"
C5248,FJCR002,1914,"Dec 2, 2025 12:00 AM"
C5246,FJCR006,4590,"Nov 27, 2025 12:00 AM"
C5232,FJGB001,3252,"Dec 1, 2025 12:00 AM"
S5217,RMSCN10,4151,"Dec 1, 2025 12:00 AM"
S5216,RMSCN10,2684,"Nov 28, 2025 12:00 AM"
S5217,RMSCN10,960,"Nov 28, 2025 12:00 AM"
B5303,PDIR011,2036,"Nov 27, 2025 12:00 AM"
B5303,PDIR012,2305,"Nov 27, 2025 12:00 AM"
H5102,AOSP004,724,"Nov 27, 2025 12:00 AM"
M5143,AOBL004,680,"Nov 28, 2025 12:00 AM"
M5144,AOBL004,680,"Nov 28, 2025 12:00 AM"
B5305,PDIR010,1450,"Nov 28, 2025 12:00 AM"
B5249,FJOF001,2520,"Dec 11, 2025 12:00 AM"
S5219,RMSCN10,1016,"Dec 2, 2025 12:00 AM"
S5226,FJSL006,1800,"Dec 3, 2025 12:00 AM"
H5101,PDSP005,564,"Dec 1, 2025 12:00 AM"
H5093,AOSP000,240,"Dec 1, 2025 12:00 AM"
S5161,MLDMB01,540,"Aug 29, 2025 12:00 AM"
H5013,VMSP014,2521,"Dec 1, 2025 12:00 AM"
E5049,FJAP001,936,"Dec 11, 2025 12:00 AM"
B5302,MLHW003,962,"Dec 2, 2025 12:00 AM"
S5218,RMSCN10,2389,"Dec 3, 2025 12:00 AM"
S5221,RMSC002,1034,"Dec 5, 2025 12:00 AM"
S5217,RMSCN10,829,"Dec 2, 2025 12:00 AM"
S5222,RMSC004,2600,"Dec 5, 2025 12:00 AM"
S5220,RMSCN10,1050,"Dec 4, 2025 12:00 AM"
S5218,RMSCN10,3491,"Dec 2, 2025 12:00 AM"
S5219,RMSCN10,5886,"Dec 3, 2025 12:00 AM"
C5246,FJCR006,2258,"Dec 4, 2025 12:00 AM"
H5099,VMSP005,600,"Dec 3, 2025 12:00 AM"
B5307,NPBC003,1248,"Dec 4, 2025 12:00 AM"
B5309,NPBC004,1303,"Dec 4, 2025 12:00 AM"
S5222,FJSL006,451,"Dec 4, 2025 12:00 AM"
S5226,FJSL006,1659,"Dec 5, 2025 12:00 AM"
B5310,NPBC007,1303,"Dec 5, 2025 12:00 AM"
M5146,AOBL000,685,"Dec 5, 2025 12:00 AM"
M5147,AOBL000,685,"Dec 5, 2025 12:00 AM"
H5015,CCAB001,4882,"Dec 8, 2025 12:00 AM"
S5224,MLPF009,420,"Dec 8, 2025 12:00 AM"
S5224,MLPF009,760,"Dec 9, 2025 12:00 AM"
S5223,MLPF008,793,"Dec 9, 2025 12:00 AM"
S5191C5173,FJXX3T1,75,"Dec 9, 2025 12:00 AM"
S5215,MLPF007,480,"Dec 9, 2025 12:00 AM"
B5316,AOBC000,1316,"Dec 9, 2025 12:00 AM"
H5107,AOSP000,960,"Dec 9, 2025 12:00 AM"
C5233,FJFC005,2398,"Dec 10, 2025 12:00 AM"
S5215,MLPF007,363,"Dec 10, 2025 12:00 AM"
S5223,MLPF008,793,"Dec 10, 2025 12:00 AM"
S5224,MLPF009,760,"Dec 10, 2025 12:00 AM"
H5107,AOSP000,355,"Dec 10, 2025 12:00 AM"
,PDIR002,2036,"Dec 10, 2025 12:00 AM"
B5312,PDIR008,2030,"Dec 10, 2025 12:00 AM"
H5103,PDSP003,1052,"Dec 10, 2025 12:00 AM"
C5242,FJMK003,3614,"Dec 11, 2025 12:00 AM"
C5232,FJGB001,2520,"Dec 11, 2025 12:00 AM"
B5313,PDIR003,1938,"Dec 11, 2025 12:00 AM"
B5314,PDIR009,1973,"Dec 11, 2025 12:00 AM"
C5232,FJGB001,720,"Dec 12, 2025 12:00 AM"
C5219,FJFC002,1620,"Dec 12, 2025 12:00 AM"
,FJXX3T1,156,"Dec 12, 2025 12:00 AM"
S5228,RRBM004,1496,"Dec 12, 2025 12:00 AM"
H5104,AORS004,694,"Dec 12, 2025 12:00 AM"
H5108,PDRS003,413,"Dec 12, 2025 12:00 AM"
C5249,FJFC002,3779,"Dec 15, 2025 12:00 AM"
S5229,FJSL001,1950,"Dec 17, 2025 12:00 AM"
C5252,FJFC002,2268,"Dec 17, 2025 12:00 AM"
C5250,FJFC002,2592,"Dec 15, 2025 12:00 AM"
M5158,RRBL001,360,"Dec 18, 2025 12:00 AM"
S5230,FJSL001,1290,"Dec 17, 2025 12:00 AM"
H5109,AOSP004,1320,"Dec 15, 2025 12:00 AM"
H5110,AOSP004,1135,"Dec 15, 2025 12:00 AM"
C5250,FJFC002,2588,"Dec 16, 2025 12:00 AM"
B5317,AOBC004,1320,"Dec 16, 2025 12:00 AM"
B5318,AOBC004,120,"Dec 16, 2025 12:00 AM"
B5306,BTBO001,1196,"Dec 16, 2025 12:00 AM"
B5318,AOBC004,1061,"Dec 17, 2025 12:00 AM"
E5050,AOHSR00,2117,"Dec 17, 2025 12:00 AM"
S5231,FJSL008,2050,"Dec 17, 2025 12:00 AM"
C5252,FJFC002,1981,"Dec 18, 2025 12:00 AM"
M5148,ADML000,1010,"Dec 18, 2025 12:00 AM"
M5149,ADML000,1010,"Dec 18, 2025 12:00 AM"
M5150,ADML000,380,"Dec 18, 2025 12:00 AM"
S5230,FJSL001,700,"Dec 18, 2025 12:00 AM"
S5232,FJSL001,1904,"Dec 18, 2025 12:00 AM"
S5227,FJPDR01,1225,"Dec 18, 2025 12:00 AM"
C5253,FJMK006,1553,"Dec 22, 2025 12:00 AM"
,FJMK5T1,672,"Dec 22, 2025 12:00 AM"
M5160,AOBL005,677,"Dec 22, 2025 12:00 AM"
S5095,FJPD001,434,"Dec 22, 2025 12:00 AM"
M5155,ADML000,790,"Dec 22, 2025 12:00 AM"
M5156,ADML000,933,"Dec 22, 2025 12:00 AM"
M5150,ADML000,630,"Dec 19, 2025 12:00 AM"
M5151,ADML000,1010,"Dec 19, 2025 12:00 AM"
M5152,ADML000,1010,"Dec 19, 2025 12:00 AM"
M5153,ADML000,1010,"Dec 19, 2025 12:00 AM"
M5154,ADML000,1010,"Dec 19, 2025 12:00 AM"
M5155,ADML000,280,"Dec 19, 2025 12:00 AM"
M5161,AOBL000,680,"Dec 23, 2025 12:00 AM"
M5162,AOBL000,680,"Dec 23, 2025 12:00 AM"
M5163,AOBL000,680,"Dec 23, 2025 12:00 AM"
,FJMK5T1,192,"Dec 23, 2025 12:00 AM"